"","NAME","CLASS","SuperClass","SAMPLE","IS","chemsc","C","db","MASS","ERROR","ISpmol"
"Car(14:2)","Car(14:2)","CARN","Car",1,0,"H38 C21 O4 N1",14,2,368.2798,"0.81 ppm",46
"Car(14:1)","Car(14:1)","CARN","Car",1,0,"H40 C21 O4 N1",14,1,370.2953,"0.23 ppm",46
"Car(14:0)","Car(14:0)","CARN","Car",1,0,"H42 C21 O4 N1",14,0,372.3109,"0.23 ppm",46
"Car(16:2)","Car(16:2)","CARN","Car",1,0,"H42 C23 O4 N1",16,2,396.3108,"-0.15 ppm",46
"Car(16:1)","Car(16:1)","CARN","Car",1,0,"H44 C23 O4 N1",16,1,398.3263,"-0.45 ppm",46
"Car(16:0)","Car(16:0)","CARN","Car",1,0,"H46 C23 O4 N1",16,0,400.3429,"2.03 ppm",46
"Car(18:2)","Car(18:2)","CARN","Car",1,0,"H46 C25 O4 N1",18,2,424.3426,"1.08 ppm",46
"Car(18:1)","Car(18:1)","CARN","Car",1,0,"H48 C25 O4 N1",18,1,426.3581,"0.85 ppm",46
"Car(18:0)","Car(18:0)","CARN","Car",1,0,"H50 C25 O4 N1",18,0,428.374,"1.32 ppm",46
"Car(20:2)","Car(20:2)","CARN","Car",1,0,"H50 C27 O4 N1",20,2,452.3733,"-0.20 ppm",46
"Car(20:1)","Car(20:1)","CARN","Car",1,0,"H52 C27 O4 N1",20,1,454.3889,"-0.32 ppm",46
"Car(20:0)","Car(20:0)","CARN","Car",1,0,"H54 C27 O4 N1",20,0,456.4047,"-0.18 ppm",46
"CarOH(14:2)","CarOH(14:2)","CARN","CarOH",1,0,"H38 C21 O5 N1",14,2,384.2748,"1.04 ppm",46
"CarOH(14:0)","CarOH(14:0)","CARN","CarOH",1,0,"H42 C21 O5 N1",14,0,388.3052,"-1.37 ppm",46
"CarOH(16:2)","CarOH(16:2)","CARN","CarOH",1,0,"H42 C23 O5 N1",16,2,412.3061,"0.95 ppm",46
"CarOH(16:1)","CarOH(16:1)","CARN","CarOH",1,0,"H44 C23 O5 N1",16,1,414.3219,"1.32 ppm",46
"CarOH(16:0)","CarOH(16:0)","CARN","CarOH",1,0,"H46 C23 O5 N1",16,0,416.3375,"1.08 ppm",46
"CarOH(18:2)","CarOH(18:2)","CARN","CarOH",1,0,"H46 C25 O5 N1",18,2,440.3372,"0.24 ppm",46
"CarOH(18:1)","CarOH(18:1)","CARN","CarOH",1,0,"H48 C25 O5 N1",18,1,442.3528,"0.17 ppm",46
"CarOH(18:0)","CarOH(18:0)","CARN","CarOH",1,0,"H50 C25 O5 N1",18,0,444.3686,"0.52 ppm",46
"CarOH(20:2)","CarOH(20:2)","CARN","CarOH",1,0,"H50 C27 O5 N1",20,2,468.3685,"0.35 ppm",46
"CarOH(20:1)","CarOH(20:1)","CARN","CarOH",1,0,"H52 C27 O5 N1",20,1,470.384,"-0.06 ppm",46
"CarOH(20:0)","CarOH(20:0)","CARN","CarOH",1,0,"H54 C27 O5 N1",20,0,472.3995,"-0.26 ppm",46
"CE(14:0)","CE(14:0)","CHES","CE",1,0,"H76 C41 O2 N1",14,0,614.5856,"-2.36 ppm",111.6
"CE(16:1)","CE(16:1)","CHES","CE",1,0,"H78 C43 O2 N1",16,1,640.6018,"-1.41 ppm",111.6
"CE(16:0)","CE(16:0)","CHES","CE",1,0,"H80 C43 O2 N1",16,0,642.6176,"-1.15 ppm",111.6
"CE(18:3)","CE(18:3)","CHES","CE",1,0,"H78 C45 O2 N1",18,3,664.6012,"-2.28 ppm",111.6
"CE(18:2)","CE(18:2)","CHES","CE",1,0,"H80 C45 O2 N1",18,2,666.6176,"-1.17 ppm",111.6
"CE(18:1)","CE(18:1)","CHES","CE",1,0,"H82 C45 O2 N1",18,1,668.6332,"-1.25 ppm",111.6
"CE(18:0)","CE(18:0)","CHES","CE",1,0,"H84 C45 O2 N1",18,0,670.6485,"-1.76 ppm",111.6
"CE(20:4)","CE(20:4)","CHES","CE",1,0,"H80 C47 O2 N1",20,4,690.6169,"-2.07 ppm",111.6
"CE(20:3)","CE(20:3)","CHES","CE",1,0,"H82 C47 O2 N1",20,3,692.6327,"-1.94 ppm",111.6
"CE(20:2)","CE(20:2)","CHES","CE",1,0,"H84 C47 O2 N1",20,2,694.6484,"-1.74 ppm",111.6
"CE(20:1)","CE(20:1)","CHES","CE",1,0,"H86 C47 O2 N1",20,1,696.6642,"-1.62 ppm",111.6
"CE(20:0)","CE(20:0)","CHES","CE",1,0,"H88 C47 O2 N1",20,0,698.6796,"-1.87 ppm",111.6
"CE(22:4)","CE(22:4)","CHES","CE",1,0,"H84 C49 O2 N1",22,4,718.6491,"-0.73 ppm",111.6
"CE(22:3)","CE(22:3)","CHES","CE",1,0,"H86 C49 O2 N1",22,3,720.6642,"-1.57 ppm",111.6
"CE(22:2)","CE(22:2)","CHES","CE",1,0,"H88 C49 O2 N1",22,2,722.6786,"-3.24 ppm",111.6
"CE(22:1)","CE(22:1)","CHES","CE",1,0,"H90 C49 O2 N1",22,1,724.6958,"-1.09 ppm",111.6
"CE(22:0)","CE(22:0)","CHES","CE",1,0,"H92 C49 O2 N1",22,0,726.712,"-0.32 ppm",111.6
"CE(24:4)","CE(24:4)","CHES","CE",1,0,"H88 C51 O2 N1",24,4,746.6816,"0.81 ppm",111.6
"CE(24:3)","CE(24:3)","CHES","CE",1,0,"H90 C51 O2 N1",24,3,748.6983,"2.28 ppm",111.6
"CE(24:2)","CE(24:2)","CHES","CE",1,0,"H92 C51 O2 N1",24,2,750.7091,"-4.27 ppm",111.6
"CE(24:1)","CE(24:1)","CHES","CE",1,0,"H94 C51 O2 N1",24,1,752.7274,"-0.63 ppm",111.6
"CE(24:0)","CE(24:0)","CHES","CE",1,0,"H96 C51 O2 N1",24,0,754.7435,"-0.02 ppm",111.6
"Cer(d18:1/16:0)","Cer(d18:1/16:0)","CERA","Cer",1,0,"H68 C34 O3 N1",16,0,538.5193,"-0.16 ppm",32.2
"Cer(d18:1/18:2)","Cer(d18:1/18:2)","CERA","Cer",1,0,"H68 C36 O3 N1",18,2,562.5193,"-0.21 ppm",32.2
"Cer(d18:1/18:1)","Cer(d18:1/18:1)","CERA","Cer",1,0,"H70 C36 O3 N1",18,1,564.5344,"-1.14 ppm",32.2
"Cer(d18:1/18:0)","Cer(d18:1/18:0)","CERA","Cer",1,0,"H72 C36 O3 N1",18,0,566.5506,"-0.06 ppm",32.2
"Cer(d18:1/20:1)","Cer(d18:1/20:1)","CERA","Cer",1,0,"H74 C38 O3 N1",20,1,592.5655,"-1.44 ppm",32.2
"Cer(d18:1/20:0)","Cer(d18:1/20:0)","CERA","Cer",1,0,"H76 C38 O3 N1",20,0,594.5809,"-1.85 ppm",32.2
"Cer(d18:1/22:1)","Cer(d18:1/22:1)","CERA","Cer",1,0,"H78 C40 O3 N1",22,1,620.5965,"-1.76 ppm",32.2
"Cer(d18:1/22:0)","Cer(d18:1/22:0)","CERA","Cer",1,0,"H80 C40 O3 N1",22,0,622.6126,"-1.03 ppm",32.2
"Cer(d18:1/24:1)","Cer(d18:1/24:1)","CERA","Cer",1,0,"H82 C42 O3 N1",24,1,648.6282,"-1.13 ppm",32.2
"Cer(d18:1/24:0)","Cer(d18:1/24:0)","CERA","Cer",1,0,"H84 C42 O3 N1",24,0,650.6439,"-1.06 ppm",32.2
"Cer(d18:1/26:1)","Cer(d18:1/26:1)","CERA","Cer",1,0,"H86 C44 O3 N1",26,1,676.6594,"-1.14 ppm",32.2
"Cer(d18:1/26:0)","Cer(d18:1/26:0)","CERA","Cer",1,0,"H88 C44 O3 N1",26,0,678.6749,"-1.41 ppm",32.2
"Cer(d18:1/28:1)","Cer(d18:1/28:1)","CERA","Cer",1,0,"H90 C46 O3 N1",28,1,704.6909,"-0.86 ppm",32.2
"DAG(28:0)","DAG(28:0)","DACG","DAG",1,0,"H64 C31 O5 N1",28,0,530.4776,"-0.53 ppm",64.3
"DAG(30:2)","DAG(30:2)","DACG","DAG",1,0,"H64 C33 O5 N1",30,2,554.4782,"0.45 ppm",64.3
"DAG(30:1)","DAG(30:1)","DACG","DAG",1,0,"H66 C33 O5 N1",30,1,556.4935,"-0.16 ppm",64.3
"DAG(30:0)","DAG(30:0)","DACG","DAG",1,0,"H68 C33 O5 N1",30,0,558.509,"-0.33 ppm",64.3
"DAG(32:3)","DAG(32:3)","DACG","DAG",1,0,"H66 C35 O5 N1",32,3,580.4923,"-2.19 ppm",64.3
"DAG(32:2)","DAG(32:2)","DACG","DAG",1,0,"H68 C35 O5 N1",32,2,582.5081,"-1.85 ppm",64.3
"DAG(32:1)","DAG(32:1)","DACG","DAG",1,0,"H70 C35 O5 N1",32,1,584.5241,"-1.25 ppm",64.3
"DAG(32:0)","DAG(32:0)","DACG","DAG",1,0,"H72 C35 O5 N1",32,0,586.5398,"-1.24 ppm",64.3
"DAG(34:5)","DAG(34:5)","DACG","DAG",1,0,"H66 C37 O5 N1",34,5,604.4931,"-0.74 ppm",64.3
"DAG(34:4)","DAG(34:4)","DACG","DAG",1,0,"H68 C37 O5 N1",34,4,606.5084,"-1.33 ppm",64.3
"DAG(34:3)","DAG(34:3)","DACG","DAG",1,0,"H70 C37 O5 N1",34,3,608.524,"-1.46 ppm",64.3
"DAG(34:2)","DAG(34:2)","DACG","DAG",1,0,"H72 C37 O5 N1",34,2,610.5399,"-1.04 ppm",64.3
"DAG(34:1)","DAG(34:1)","DACG","DAG",1,0,"H74 C37 O5 N1",34,1,612.5552,"-1.56 ppm",64.3
"DAG(36:6)","DAG(36:6)","DACG","DAG",1,0,"H68 C39 O5 N1",36,6,630.5083,"-1.40 ppm",64.3
"DAG(36:5)","DAG(36:5)","DACG","DAG",1,0,"H70 C39 O5 N1",36,5,632.524,"-1.36 ppm",64.3
"DAG(36:4)","DAG(36:4)","DACG","DAG",1,0,"H72 C39 O5 N1",36,4,634.54,"-0.85 ppm",64.3
"DAG(36:3)","DAG(36:3)","DACG","DAG",1,0,"H74 C39 O5 N1",36,3,636.5555,"-0.95 ppm",64.3
"DAG(36:2)","DAG(36:2)","DACG","DAG",1,0,"H76 C39 O5 N1",36,2,638.5712,"-1.01 ppm",64.3
"DAG(36:1)","DAG(36:1)","DACG","DAG",1,0,"H78 C39 O5 N1",36,1,640.5872,"-0.35 ppm",64.3
"DAG(36:0)","DAG(36:0)","DACG","DAG",1,0,"H80 C39 O5 N1",36,0,642.6027,"-0.59 ppm",64.3
"DAG(38:7)","DAG(38:7)","DACG","DAG",1,0,"H70 C41 O5 N1",38,7,656.5239,"-1.42 ppm",64.3
"DAG(38:6)","DAG(38:6)","DACG","DAG",1,0,"H72 C41 O5 N1",38,6,658.5401,"-0.62 ppm",64.3
"DAG(38:5)","DAG(38:5)","DACG","DAG",1,0,"H74 C41 O5 N1",38,5,660.5556,"-0.76 ppm",64.3
"DAG(38:4)","DAG(38:4)","DACG","DAG",1,0,"H76 C41 O5 N1",38,4,662.5714,"-0.55 ppm",64.3
"DAG(38:3)","DAG(38:3)","DACG","DAG",1,0,"H78 C41 O5 N1",38,3,664.5865,"-1.45 ppm",64.3
"DAG(38:2)","DAG(38:2)","DACG","DAG",1,0,"H80 C41 O5 N1",38,2,666.6028,"-0.39 ppm",64.3
"DAG(38:0)","DAG(38:0)","DACG","DAG",1,0,"H84 C41 O5 N1",38,0,670.6336,"-1.21 ppm",64.3
"DAG(40:7)","DAG(40:7)","DACG","DAG",1,0,"H74 C43 O5 N1",40,7,684.5546,"-2.24 ppm",64.3
"DAG(40:6)","DAG(40:6)","DACG","DAG",1,0,"H76 C43 O5 N1",40,6,686.5702,"-2.34 ppm",64.3
"DAG(40:5)","DAG(40:5)","DACG","DAG",1,0,"H78 C43 O5 N1",40,5,688.5861,"-1.97 ppm",64.3
"DAG(40:4)","DAG(40:4)","DACG","DAG",1,0,"H80 C43 O5 N1",40,4,690.6015,"-2.25 ppm",64.3
"DAG(40:3)","DAG(40:3)","DACG","DAG",1,0,"H82 C43 O5 N1",40,3,692.617,"-2.54 ppm",64.3
"DAG(40:2)","DAG(40:2)","DACG","DAG",1,0,"H84 C43 O5 N1",40,2,694.6329,"-2.09 ppm",64.3
"DAG(40:1)","DAG(40:1)","DACG","DAG",1,0,"H86 C43 O5 N1",40,1,696.6481,"-2.86 ppm",64.3
"DAG(40:0)","DAG(40:0)","DACG","DAG",1,0,"H88 C43 O5 N1",40,0,698.664,"-2.38 ppm",64.3
"DAG(42:7)","DAG(42:7)","DACG","DAG",1,0,"H78 C45 O5 N1",42,7,712.5874,"-0.08 ppm",64.3
"DAG(42:6)","DAG(42:6)","DACG","DAG",1,0,"H80 C45 O5 N1",42,6,714.6029,"-0.33 ppm",64.3
"DAG(42:5)","DAG(42:5)","DACG","DAG",1,0,"H82 C45 O5 N1",42,5,716.6176,"-1.62 ppm",64.3
"DAG(42:3)","DAG(42:3)","DACG","DAG",1,0,"H86 C45 O5 N1",42,3,720.6495,"-0.70 ppm",64.3
"DAG(42:2)","DAG(42:2)","DACG","DAG",1,0,"H88 C45 O5 N1",42,2,722.6648,"-1.25 ppm",64.3
"DAG(42:1)","DAG(42:1)","DACG","DAG",1,0,"H90 C45 O5 N1",42,1,724.6813,"-0.01 ppm",64.3
"DAG(42:0)","DAG(42:0)","DACG","DAG",1,0,"H92 C45 O5 N1",42,0,726.6969,"-0.13 ppm",64.3
"DiHexCer(d18:1/14:1)","DiHexCer(d18:1/14:1)","LACC","DiHexCer",1,0,"H82 C44 O13 N1",14,1,832.5756,"-2.91 ppm",55.2
"DiHexCer(d18:1/16:2)","DiHexCer(d18:1/16:2)","LACC","DiHexCer",1,0,"H84 C46 O13 N1",16,2,858.5919,"-2.11 ppm",55.2
"DiHexCer(d18:1/16:1)","DiHexCer(d18:1/16:1)","LACC","DiHexCer",1,0,"H86 C46 O13 N1",16,1,860.606,"-3.91 ppm",55.2
"DiHexCer(d18:0/16:2)","DiHexCer(d18:0/16:2)","LACC","DiHexCer",1,0,"H86 C46 O13 N1",16,2,860.606,"-3.91 ppm",55.2
"DiHexCer(d18:1/16:0)","DiHexCer(d18:1/16:0)","LACC","DiHexCer",1,0,"H88 C46 O13 N1",16,0,862.6219,"-3.63 ppm",55.2
"DiHexCer(d18:1/18:2)","DiHexCer(d18:1/18:2)","LACC","DiHexCer",1,0,"H88 C48 O13 N1",18,2,886.6272,"2.47 ppm",55.2
"DiHexCer(d18:1/18:1)","DiHexCer(d18:1/18:1)","LACC","DiHexCer",1,0,"H90 C48 O13 N1",18,1,888.642,"1.46 ppm",55.2
"DiHexCer(d18:1/18:0)","DiHexCer(d18:1/18:0)","LACC","DiHexCer",1,0,"H92 C48 O13 N1",18,0,890.6535,"-3.18 ppm",55.2
"DiHexCer(d18:1/20:2)","DiHexCer(d18:1/20:2)","LACC","DiHexCer",1,0,"H92 C50 O13 N1",20,2,914.6603,"4.39 ppm",55.2
"DiHexCer(d18:1/20:1)","DiHexCer(d18:1/20:1)","LACC","DiHexCer",1,0,"H94 C50 O13 N1",20,1,916.6702,"-1.97 ppm",55.2
"DiHexCer(d18:1/20:0)","DiHexCer(d18:1/20:0)","LACC","DiHexCer",1,0,"H96 C50 O13 N1",20,0,918.6866,"-1.16 ppm",55.2
"DiHexCer(d18:1/22:2)","DiHexCer(d18:1/22:2)","LACC","DiHexCer",1,0,"H96 C52 O13 N1",22,2,942.6897,"2.17 ppm",55.2
"DiHexCer(d18:1/22:1)","DiHexCer(d18:1/22:1)","LACC","DiHexCer",1,0,"H98 C52 O13 N1",22,1,944.7005,"-2.96 ppm",55.2
"DiHexCer(d18:1/22:0)","DiHexCer(d18:1/22:0)","LACC","DiHexCer",1,0,"H100 C52 O13 N1",22,0,946.7168,"-2.19 ppm",55.2
"DiHexCer(d18:1/24:2)","DiHexCer(d18:1/24:2)","LACC","DiHexCer",1,0,"H100 C54 O13 N1",24,2,970.7149,"-4.11 ppm",55.2
"DiHexCer(d18:1/24:1)","DiHexCer(d18:1/24:1)","LACC","DiHexCer",1,0,"H102 C54 O13 N1",24,1,972.7348,"0.21 ppm",55.2
"DiHexCer(d18:1/24:0)","DiHexCer(d18:1/24:0)","LACC","DiHexCer",1,0,"H104 C54 O13 N1",24,0,974.7468,"-3.55 ppm",55.2
"DiHexCer(d18:1/26:2)","DiHexCer(d18:1/26:2)","LACC","DiHexCer",1,0,"H104 C56 O13 N1",26,2,998.7537,"3.44 ppm",55.2
"HexCer(d18:1/14:2)","HexCer(d18:1/14:2)","HEXC","HexCer",1,0,"H70 C38 O8 N1",14,2,668.5088,"-1.20 ppm",55.2
"HexCer(d18:1/14:1)","HexCer(d18:1/14:1)","HEXC","HexCer",1,0,"H72 C38 O8 N1",14,1,670.5247,"-0.77 ppm",55.2
"HexCer(d18:1/14:0)","HexCer(d18:1/14:0)","HEXC","HexCer",1,0,"H74 C38 O8 N1",14,0,672.5397,"-1.78 ppm",55.2
"HexCer(d18:1/16:2)","HexCer(d18:1/16:2)","HEXC","HexCer",1,0,"H74 C40 O8 N1",16,2,696.5393,"-2.31 ppm",55.2
"HexCer(d18:1/16:1)","HexCer(d18:1/16:1)","HEXC","HexCer",1,0,"H76 C40 O8 N1",16,1,698.555,"-2.14 ppm",55.2
"HexCer(d18:1/16:0)","HexCer(d18:1/16:0)","HEXC","HexCer",1,0,"H78 C40 O8 N1",16,0,700.5718,"-0.61 ppm",55.2
"HexCer(d18:0/16:1)","HexCer(d18:0/16:1)","HEXC","HexCer",1,0,"H78 C40 O8 N1",16,1,700.5718,"-0.61 ppm",55.2
"HexCer(d18:0/16:0)","HexCer(d18:0/16:0)","HEXC","HexCer",1,0,"H80 C40 O8 N1",16,0,702.5873,"-0.83 ppm",55.2
"HexCer(d18:1/18:2)","HexCer(d18:1/18:2)","HEXC","HexCer",1,0,"H78 C42 O8 N1",18,2,724.5712,"-1.39 ppm",55.2
"HexCer(d18:0/18:3)","HexCer(d18:0/18:3)","HEXC","HexCer",1,0,"H78 C42 O8 N1",18,3,724.5712,"-1.39 ppm",55.2
"HexCer(d18:1/18:1)","HexCer(d18:1/18:1)","HEXC","HexCer",1,0,"H80 C42 O8 N1",18,1,726.5872,"-0.95 ppm",55.2
"HexCer(d18:0/18:2)","HexCer(d18:0/18:2)","HEXC","HexCer",1,0,"H80 C42 O8 N1",18,2,726.5872,"-0.95 ppm",55.2
"HexCer(d18:1/18:0)","HexCer(d18:1/18:0)","HEXC","HexCer",1,0,"H82 C42 O8 N1",18,0,728.6028,"-0.89 ppm",55.2
"HexCer(d18:1/20:2)","HexCer(d18:1/20:2)","HEXC","HexCer",1,0,"H82 C44 O8 N1",20,2,752.6042,"0.95 ppm",55.2
"HexCer(d18:0/20:3)","HexCer(d18:0/20:3)","HEXC","HexCer",1,0,"H82 C44 O8 N1",20,3,752.6042,"0.95 ppm",55.2
"HexCer(d18:1/20:1)","HexCer(d18:1/20:1)","HEXC","HexCer",1,0,"H84 C44 O8 N1",20,1,754.6176,"-2.04 ppm",55.2
"HexCer(d18:0/20:2)","HexCer(d18:0/20:2)","HEXC","HexCer",1,0,"H84 C44 O8 N1",20,2,754.6176,"-2.04 ppm",55.2
"HexCer(d18:1/20:0)","HexCer(d18:1/20:0)","HEXC","HexCer",1,0,"H86 C44 O8 N1",20,0,756.6315,"-4.40 ppm",55.2
"HexCer(d18:1/22:2)","HexCer(d18:1/22:2)","HEXC","HexCer",1,0,"H86 C46 O8 N1",22,2,780.635,"0.23 ppm",55.2
"HexCer(d18:1/22:0)","HexCer(d18:1/22:0)","HEXC","HexCer",1,0,"H90 C46 O8 N1",22,0,784.664,"-2.64 ppm",55.2
"HexCer(d18:1/24:2)","HexCer(d18:1/24:2)","HEXC","HexCer",1,0,"H90 C48 O8 N1",24,2,808.667,"1.11 ppm",55.2
"HexCer(d18:1/24:1)","HexCer(d18:1/24:1)","HEXC","HexCer",1,0,"H92 C48 O8 N1",24,1,810.6807,"-1.27 ppm",55.2
"HexCer(d18:1/24:0)","HexCer(d18:1/24:0)","HEXC","HexCer",1,0,"H94 C48 O8 N1",24,0,812.6964,"-1.24 ppm",55.2
"HexCer(d18:1/26:2)","HexCer(d18:1/26:2)","HEXC","HexCer",1,0,"H94 C50 O8 N1",26,2,836.6966,"-1.00 ppm",55.2
"HexCer(d18:1/26:1)","HexCer(d18:1/26:1)","HEXC","HexCer",1,0,"H96 C50 O8 N1",26,1,838.7135,"0.53 ppm",55.2
"HexCer(d18:1/26:0)","HexCer(d18:1/26:0)","HEXC","HexCer",1,0,"H98 C50 O8 N1",26,0,840.7282,"-0.63 ppm",55.2
"LPA(16:1)","LPA(16:1)","LPHAC","LPA",1,0,"H41 C19 N1 O7 P1",16,0,426.2599,"-3.68 ppm",39.8
"LPA(16:0)","LPA(16:0)","LPHAC","LPA",1,0,"H43 C19 N1 O7 P1",16,0,428.2759,"-2.95 ppm",39.8
"LPA(18:1)","LPA(18:1)","LPHAC","LPA",1,0,"H45 C21 N1 O7 P1",18,0,454.2933,"1.15 ppm",39.8
"LPA(18:0)","LPA(18:0)","LPHAC","LPA",1,0,"H47 C21 N1 O7 P1",18,0,456.3066,"-4.09 ppm",39.8
"LPC(16:2)","LPC(16:2)","LPCH","LPC",1,0,"H47 C24 N1 O7 P1",16,2,492.3075,"-2.02 ppm",35
"LPC(16:1)","LPC(16:1)","LPCH","LPC",1,0,"H49 C24 N1 O7 P1",16,1,494.3242,"0.19 ppm",35
"LPC(16:0)","LPC(16:0)","LPCH","LPC",1,0,"H51 C24 N1 O7 P1",16,0,496.3393,"-0.85 ppm",35
"LPC(18:4)","LPC(18:4)","LPCH","LPC",1,0,"H47 C26 N1 O7 P1",18,4,516.3076,"-1.61 ppm",35
"LPC(18:3)","LPC(18:3)","LPCH","LPC",1,0,"H49 C26 N1 O7 P1",18,3,518.3217,"-4.63 ppm",35
"LPC(18:2)","LPC(18:2)","LPCH","LPC",1,0,"H51 C26 N1 O7 P1",18,2,520.3397,"-0.06 ppm",35
"LPC(18:1)","LPC(18:1)","LPCH","LPC",1,0,"H53 C26 N1 O7 P1",18,1,522.3553,"-0.14 ppm",35
"LPC(18:0)","LPC(18:0)","LPCH","LPC",1,0,"H55 C26 N1 O7 P1",18,0,524.3711,"0.01 ppm",35
"LPC(20:5)","LPC(20:5)","LPCH","LPC",1,0,"H49 C28 N1 O7 P1",20,5,542.3221,"-3.73 ppm",35
"LPC(20:4)","LPC(20:4)","LPCH","LPC",1,0,"H51 C28 N1 O7 P1",20,4,544.3402,"0.86 ppm",35
"LPC(20:3)","LPC(20:3)","LPCH","LPC",1,0,"H53 C28 N1 O7 P1",20,3,546.3542,"-2.14 ppm",35
"LPC(20:2)","LPC(20:2)","LPCH","LPC",1,0,"H55 C28 N1 O7 P1",20,2,548.3711,"0.06 ppm",35
"LPC(20:1)","LPC(20:1)","LPCH","LPC",1,0,"H57 C28 N1 O7 P1",20,1,550.3868,"0.23 ppm",35
"LPC(20:0)","LPC(20:0)","LPCH","LPC",1,0,"H59 C28 N1 O7 P1",20,0,552.4022,"-0.37 ppm",35
"LPC(22:6)","LPC(22:6)","LPCH","LPC",1,0,"H51 C30 N1 O7 P1",22,6,568.3401,"0.63 ppm",35
"LPC(22:5)","LPC(22:5)","LPCH","LPC",1,0,"H53 C30 N1 O7 P1",22,5,570.3555,"0.21 ppm",35
"LPC(22:3)","LPC(22:3)","LPCH","LPC",1,0,"H57 C30 N1 O7 P1",22,3,574.3862,"-0.94 ppm",35
"LPC(22:1)","LPC(22:1)","LPCH","LPC",1,0,"H61 C30 N1 O7 P1",22,1,578.416,"-3.56 ppm",35
"LPC(22:0)","LPC(22:0)","LPCH","LPC",1,0,"H63 C30 N1 O7 P1",22,0,580.4321,"-2.68 ppm",35
"LPC(24:1)","LPC(24:1)","LPCH","LPC",1,0,"H65 C32 N1 O7 P1",24,1,606.4484,"-1.53 ppm",35
"LPC(24:0)","LPC(24:0)","LPCH","LPC",1,0,"H67 C32 N1 O7 P1",24,0,608.4643,"-1.16 ppm",35
"LPC-O(16:1)","LPC-O(16:1)","LPCH","LPCO",1,0,"H49 C24 N1 O6 P1",16,1,478.3291,"-0.28 ppm",35
"LPC-O(16:0)","LPC-O(16:0)","LPCH","LPCO",1,0,"H51 C24 N1 O6 P1",16,0,480.3447,"-0.22 ppm",35
"LPC-O(18:3)","LPC-O(18:3)","LPCH","LPCO",1,0,"H49 C26 N1 O6 P1",18,3,502.3292,"-0.09 ppm",35
"LPC-O(18:2)","LPC-O(18:2)","LPCH","LPCO",1,0,"H51 C26 N1 O6 P1",18,2,504.3446,"-0.51 ppm",35
"LPC-O(18:1)","LPC-O(18:1)","LPCH","LPCO",1,0,"H53 C26 N1 O6 P1",18,1,506.3606,"0.16 ppm",35
"LPC-O(20:5)","LPC-O(20:5)","LPCH","LPCO",1,0,"H49 C28 N1 O6 P1",20,5,526.3287,"-0.96 ppm",35
"LPC-O(20:1)","LPC-O(20:1)","LPCH","LPCO",1,0,"H57 C28 N1 O6 P1",20,1,534.3907,"-2.15 ppm",35
"LPE(16:1)","LPE(16:1)","LPET","LPE",1,0,"H43 C21 N1 O7 P1",16,1,452.2773,"0.39 ppm",38.2
"LPE(16:0)","LPE(16:0)","LPET","LPE",1,0,"H45 C21 N1 O7 P1",16,0,454.2933,"1.15 ppm",38.2
"LPE(18:2)","LPE(18:2)","LPET","LPE",1,0,"H45 C23 N1 O7 P1",18,2,478.2927,"-0.17 ppm",38.2
"LPE(18:1)","LPE(18:1)","LPET","LPE",1,0,"H47 C23 N1 O7 P1",18,1,480.3086,"0.33 ppm",38.2
"LPE(18:0)","LPE(18:0)","LPET","LPE",1,0,"H49 C23 N1 O7 P1",18,0,482.3244,"0.66 ppm",38.2
"LPE(20:4)","LPE(20:4)","LPET","LPE",1,0,"H45 C25 N1 O7 P1",20,4,502.2928,"-0.12 ppm",38.2
"LPE(20:3)","LPE(20:3)","LPET","LPE",1,0,"H47 C25 N1 O7 P1",20,3,504.3091,"1.28 ppm",38.2
"LPE(20:1)","LPE(20:1)","LPET","LPE",1,0,"H51 C25 N1 O7 P1",20,1,508.3398,"0.01 ppm",38.2
"LPE(20:0)","LPE(20:0)","LPET","LPE",1,0,"H53 C25 N1 O7 P1",20,0,510.3552,"-0.51 ppm",38.2
"LPE(22:7)","LPE(22:7)","LPET","LPE",1,0,"H43 C27 N1 O7 P1",22,7,524.2746,"-4.90 ppm",38.2
"LPE(22:6)","LPE(22:6)","LPET","LPE",1,0,"H45 C27 N1 O7 P1",22,6,526.2925,"-0.60 ppm",38.2
"LPE(22:5)","LPE(22:5)","LPET","LPE",1,0,"H47 C27 N1 O7 P1",22,5,528.3077,"-1.44 ppm",38.2
"LPE(22:4)","LPE(22:4)","LPET","LPE",1,0,"H49 C27 N1 O7 P1",22,4,530.3215,"-4.85 ppm",38.2
"MAG(12:0)","MAG(12:0)","MACG","MAG",1,0,"H34 C15 O4 N1",12,0,292.2485,"0.77 ppm",104
"MAG(14:2)","MAG(14:2)","MACG","MAG",1,0,"H34 C17 O4 N1",14,2,316.2484,"0.54 ppm",104
"MAG(14:1)","MAG(14:1)","MACG","MAG",1,0,"H36 C17 O4 N1",14,1,318.264,"0.49 ppm",104
"MAG(14:0)","MAG(14:0)","MACG","MAG",1,0,"H38 C17 O4 N1",14,0,320.2796,"0.35 ppm",104
"MAG(16:4)","MAG(16:4)","MACG","MAG",1,0,"H34 C19 O4 N1",16,4,340.2481,"-0.35 ppm",104
"MAG(16:3)","MAG(16:3)","MACG","MAG",1,0,"H36 C19 O4 N1",16,3,342.2638,"-0.20 ppm",104
"MAG(16:2)","MAG(16:2)","MACG","MAG",1,0,"H38 C19 O4 N1",16,2,344.2795,"-0.06 ppm",104
"MAG(16:1)","MAG(16:1)","MACG","MAG",1,0,"H40 C19 O4 N1",16,1,346.295,"-0.51 ppm",104
"MAG(16:0)","MAG(16:0)","MACG","MAG",1,0,"H42 C19 O4 N1",16,0,348.311,"0.53 ppm",104
"MAG(18:4)","MAG(18:4)","MACG","MAG",1,0,"H38 C21 O4 N1",18,4,368.2798,"0.81 ppm",104
"MAG(18:3)","MAG(18:3)","MACG","MAG",1,0,"H40 C21 O4 N1",18,3,370.2953,"0.23 ppm",104
"MAG(18:2)","MAG(18:2)","MACG","MAG",1,0,"H42 C21 O4 N1",18,2,372.3109,"0.23 ppm",104
"MAG(18:1)","MAG(18:1)","MACG","MAG",1,0,"H44 C21 O4 N1",18,1,374.3267,"0.56 ppm",104
"MAG(18:0)","MAG(18:0)","MACG","MAG",1,0,"H46 C21 O4 N1",18,0,376.3423,"0.40 ppm",104
"MAG(20:4)","MAG(20:4)","MACG","MAG",1,0,"H42 C23 O4 N1",20,4,396.3108,"-0.15 ppm",104
"MAG(20:3)","MAG(20:3)","MACG","MAG",1,0,"H44 C23 O4 N1",20,3,398.3263,"-0.45 ppm",104
"MAG(20:2)","MAG(20:2)","MACG","MAG",1,0,"H46 C23 O4 N1",20,2,400.3429,"2.03 ppm",104
"MAG(20:1)","MAG(20:1)","MACG","MAG",1,0,"H48 C23 O4 N1",20,1,402.3585,"1.82 ppm",104
"MAG(20:0)","MAG(20:0)","MACG","MAG",1,0,"H50 C23 O4 N1",20,0,404.3739,"1.25 ppm",104
"MAG(22:1)","MAG(22:1)","MACG","MAG",1,0,"H52 C25 O4 N1",22,1,430.3887,"-0.84 ppm",104
"MAG(22:0)","MAG(22:0)","MACG","MAG",1,0,"H54 C25 O4 N1",22,0,432.4048,"0.10 ppm",104
"MAG(24:4)","MAG(24:4)","MACG","MAG",1,0,"H50 C27 O4 N1",24,4,452.3733,"-0.20 ppm",104
"MAG(24:1)","MAG(24:1)","MACG","MAG",1,0,"H56 C27 O4 N1",24,1,458.4202,"-0.50 ppm",104
"MAG(24:0)","MAG(24:0)","MACG","MAG",1,0,"H58 C27 O4 N1",24,0,460.4361,"0.22 ppm",104
"MAG(26:4)","MAG(26:4)","MACG","MAG",1,0,"H54 C29 O4 N1",26,4,480.4046,"-0.34 ppm",104
"PA(32:3)","PA(32:3)","PHAC","PA",1,0,"H67 C35 N1 O8 P1",32,3,660.4598,"-0.06 ppm",56.2
"PA(32:2)","PA(32:2)","PHAC","PA",1,0,"H69 C35 N1 O8 P1",32,2,662.4754,"-0.22 ppm",56.2
"PA(32:1)","PA(32:1)","PHAC","PA",1,0,"H71 C35 N1 O8 P1",32,1,664.4893,"-2.88 ppm",56.2
"PA(34:4)","PA(34:4)","PHAC","PA",1,0,"H69 C37 N1 O8 P1",34,4,686.4742,"-1.98 ppm",56.2
"PA(34:3)","PA(34:3)","PHAC","PA",1,0,"H71 C37 N1 O8 P1",34,3,688.4899,"-1.90 ppm",56.2
"PA(34:2)","PA(34:2)","PHAC","PA",1,0,"H73 C37 N1 O8 P1",34,2,690.5055,"-1.94 ppm",56.2
"PA(34:1)","PA(34:1)","PHAC","PA",1,0,"H75 C37 N1 O8 P1",34,1,692.521,"-2.10 ppm",56.2
"PA(36:5)","PA(36:5)","PHAC","PA",1,0,"H71 C39 N1 O8 P1",36,5,712.4903,"-1.25 ppm",56.2
"PA(36:4)","PA(36:4)","PHAC","PA",1,0,"H73 C39 N1 O8 P1",36,4,714.5068,"-0.03 ppm",56.2
"PA(36:3)","PA(36:3)","PHAC","PA",1,0,"H75 C39 N1 O8 P1",36,3,716.5225,"-0.03 ppm",56.2
"PA(36:2)","PA(36:2)","PHAC","PA",1,0,"H77 C39 N1 O8 P1",36,2,718.538,"-0.23 ppm",56.2
"PA(36:1)","PA(36:1)","PHAC","PA",1,0,"H79 C39 N1 O8 P1",36,1,720.5536,"-0.31 ppm",56.2
"PA(38:6)","PA(38:6)","PHAC","PA",1,0,"H73 C41 N1 O8 P1",38,6,738.5063,"-0.69 ppm",56.2
"PA(38:5)","PA(38:5)","PHAC","PA",1,0,"H75 C41 N1 O8 P1",38,5,740.5224,"-0.16 ppm",56.2
"PA(38:4)","PA(38:4)","PHAC","PA",1,0,"H77 C41 N1 O8 P1",38,4,742.5381,"-0.03 ppm",56.2
"PA(38:3)","PA(38:3)","PHAC","PA",1,0,"H79 C41 N1 O8 P1",38,3,744.554,"0.29 ppm",56.2
"PA(38:2)","PA(38:2)","PHAC","PA",1,0,"H81 C41 N1 O8 P1",38,2,746.5698,"0.46 ppm",56.2
"PA(38:1)","PA(38:1)","PHAC","PA",1,0,"H83 C41 N1 O8 P1",38,1,748.5858,"1.00 ppm",56.2
"PA(40:6)","PA(40:6)","PHAC","PA",1,0,"H77 C43 N1 O8 P1",40,6,766.5373,"-1.13 ppm",56.2
"PA(40:4)","PA(40:4)","PHAC","PA",1,0,"H81 C43 N1 O8 P1",40,4,770.5682,"-1.60 ppm",56.2
"PA(40:2)","PA(40:2)","PHAC","PA",1,0,"H85 C43 N1 O8 P1",40,2,774.6001,"-0.77 ppm",56.2
"PA(40:1)","PA(40:1)","PHAC","PA",1,0,"H87 C43 N1 O8 P1",40,1,776.6164,"0.08 ppm",56.2
"PA(42:1)","PA(42:1)","PHAC","PA",1,0,"H91 C45 N1 O8 P1",42,1,804.6483,"0.77 ppm",56.2
"PC(30:1)","PC(30:1)","PCHO","PCPR2",1,0,"H75 C38 N1 O8 P1",30,1,704.5223,"-0.27 ppm",396.2
"PC(30:0)","PC(30:0)","PCHO","PCPR2",1,0,"H77 C38 N1 O8 P1",30,0,706.5381,"0.02 ppm",396.2
"PC(32:3)","PC(32:3)","PCHO","PCPR2",1,0,"H75 C40 N1 O8 P1",32,3,728.5223,"-0.27 ppm",396.2
"PC(32:2)","PC(32:2)","PCHO","PCPR2",1,0,"H77 C40 N1 O8 P1",32,2,730.5381,"-0.09 ppm",396.2
"PC(32:1)","PC(32:1)","PCHO","PCPR2",1,0,"H79 C40 N1 O8 P1",32,1,732.5538,"0.01 ppm",396.2
"PC(32:0)","PC(32:0)","PCHO","PCPR2",1,0,"H81 C40 N1 O8 P1",32,0,734.5693,"-0.11 ppm",396.2
"PC(34:4)","PC(34:4)","PCHO","PCPR2",1,0,"H77 C42 N1 O8 P1",34,4,754.5381,"0.00 ppm",396.2
"PC(34:3)","PC(34:3)","PCHO","PCPR2",1,0,"H79 C42 N1 O8 P1",34,3,756.554,"0.35 ppm",396.2
"PC(34:2)","PC(34:2)","PCHO","PCPR2",1,0,"H81 C42 N1 O8 P1",34,2,758.5696,"0.17 ppm",396.2
"PC(34:1)","PC(34:1)","PCHO","PCPR2",1,0,"H83 C42 N1 O8 P1",34,1,760.5837,"-1.80 ppm",396.2
"PC(36:7)","PC(36:7)","PCHO","PCPR2",1,0,"H75 C44 N1 O8 P1",36,7,776.5204,"-2.62 ppm",396.2
"PC(36:6)","PC(36:6)","PCHO","PCPR2",1,0,"H77 C44 N1 O8 P1",36,6,778.5367,"-1.78 ppm",396.2
"PC(36:5)","PC(36:5)","PCHO","PCPR2",1,0,"H79 C44 N1 O8 P1",36,5,780.5521,"-2.13 ppm",396.2
"PC(36:4)","PC(36:4)","PCHO","PCPR2",1,0,"H81 C44 N1 O8 P1",36,4,782.5685,"-1.16 ppm",396.2
"PC(36:2)","PC(36:2)","PCHO","PCPR2",1,0,"H85 C44 N1 O8 P1",36,2,786.5987,"-2.53 ppm",396.2
"PC(36:1)","PC(36:1)","PCHO","PCPR2",1,0,"H87 C44 N1 O8 P1",36,1,788.6136,"-3.54 ppm",396.2
"PC(38:7)","PC(38:7)","PCHO","PCPR2",1,0,"H79 C46 N1 O8 P1",38,7,804.5528,"-1.16 ppm",396.2
"PC(38:6)","PC(38:6)","PCHO","PCPR2",1,0,"H81 C46 N1 O8 P1",38,6,806.5698,"0.45 ppm",396.2
"PC(38:5)","PC(38:5)","PCHO","PCPR2",1,0,"H83 C46 N1 O8 P1",38,5,808.5834,"-2.03 ppm",396.2
"PC(38:4)","PC(38:4)","PCHO","PCPR2",1,0,"H85 C46 N1 O8 P1",38,4,810.6002,"-0.61 ppm",396.2
"PC(38:3)","PC(38:3)","PCHO","PCPR2",1,0,"H87 C46 N1 O8 P1",38,3,812.615,"-1.67 ppm",396.2
"PC(38:1)","PC(38:1)","PCHO","PCPR2",1,0,"H91 C46 N1 O8 P1",38,1,816.6473,"-0.49 ppm",396.2
"PC(40:7)","PC(40:7)","PCHO","PCPR2",1,0,"H83 C48 N1 O8 P1",40,7,832.5843,"-0.93 ppm",396.2
"PC(40:6)","PC(40:6)","PCHO","PCPR2",1,0,"H85 C48 N1 O8 P1",40,6,834.6006,"-0.21 ppm",396.2
"PC(40:4)","PC(40:4)","PCHO","PCPR2",1,0,"H89 C48 N1 O8 P1",40,4,838.6323,"0.31 ppm",396.2
"PC(40:3)","PC(40:3)","PCHO","PCPR2",1,0,"H91 C48 N1 O8 P1",40,3,840.6473,"-0.44 ppm",396.2
"PC(40:2)","PC(40:2)","PCHO","PCPR2",1,0,"H93 C48 N1 O8 P1",40,2,842.6626,"-0.82 ppm",396.2
"PC(40:1)","PC(40:1)","PCHO","PCPR2",1,0,"H95 C48 N1 O8 P1",40,1,844.6784,"-0.73 ppm",396.2
"PC(42:7)","PC(42:7)","PCHO","PCPR2",1,0,"H87 C50 N1 O8 P1",42,7,860.6162,"-0.18 ppm",396.2
"PC(42:6)","PC(42:6)","PCHO","PCPR2",1,0,"H89 C50 N1 O8 P1",42,6,862.6291,"-3.39 ppm",396.2
"PC(42:5)","PC(42:5)","PCHO","PCPR2",1,0,"H91 C50 N1 O8 P1",42,5,864.6453,"-2.70 ppm",396.2
"PC(42:4)","PC(42:4)","PCHO","PCPR2",1,0,"H93 C50 N1 O8 P1",42,4,866.6619,"-1.69 ppm",396.2
"PC(44:7)","PC(44:7)","PCHO","PCPR2",1,0,"H91 C52 N1 O8 P1",44,7,888.6458,"-2.11 ppm",396.2
"PC(44:6)","PC(44:6)","PCHO","PCPR2",1,0,"H93 C52 N1 O8 P1",44,6,890.66,"-3.75 ppm",396.2
"PC-O(34:4)","PC-O(34:4)","PC-O","PCOPR2",1,0,"H77 C42 N1 O7 P1",34,4,738.543,"-0.27 ppm",396.2
"PC-O(34:2)","PC-O(34:2)","PC-O","PCOPR2",1,0,"H81 C42 N1 O7 P1",34,2,742.5736,"-1.30 ppm",396.2
"PC-O(34:1)","PC-O(34:1)","PC-O","PCOPR2",1,0,"H83 C42 N1 O7 P1",34,1,744.5914,"1.72 ppm",396.2
"PC-O(34:0)","PC-O(34:0)","PC-O","PCOPR2",1,0,"H85 C42 N1 O7 P1",34,0,746.6059,"0.17 ppm",396.2
"PC-O(36:4)","PC-O(36:4)","PC-O","PCOPR2",1,0,"H81 C44 N1 O7 P1",36,4,766.5733,"-1.63 ppm",396.2
"PC-O(36:3)","PC-O(36:3)","PC-O","PCOPR2",1,0,"H83 C44 N1 O7 P1",36,3,768.5871,"-3.93 ppm",396.2
"PC-O(36:1)","PC-O(36:1)","PC-O","PCOPR2",1,0,"H87 C44 N1 O7 P1",36,1,772.62,"-1.88 ppm",396.2
"PC-O(36:0)","PC-O(36:0)","PC-O","PCOPR2",1,0,"H89 C44 N1 O7 P1",36,0,774.6356,"-2.02 ppm",396.2
"PC-O(38:6)","PC-O(38:6)","PC-O","PCOPR2",1,0,"H81 C46 N1 O7 P1",38,6,790.5715,"-3.82 ppm",396.2
"PC-O(38:5)","PC-O(38:5)","PC-O","PCOPR2",1,0,"H83 C46 N1 O7 P1",38,5,792.5879,"-2.80 ppm",396.2
"PC-O(38:4)","PC-O(38:4)","PC-O","PCOPR2",1,0,"H85 C46 N1 O7 P1",38,4,794.6034,"-2.99 ppm",396.2
"PC-O(38:3)","PC-O(38:3)","PC-O","PCOPR2",1,0,"H87 C46 N1 O7 P1",38,3,796.6196,"-2.34 ppm",396.2
"PC-O(40:7)","PC-O(40:7)","PC-O","PCOPR2",1,0,"H83 C48 N1 O7 P1",40,7,816.5885,"-2.01 ppm",396.2
"PC-O(40:6)","PC-O(40:6)","PC-O","PCOPR2",1,0,"H85 C48 N1 O7 P1",40,6,818.6056,"-0.27 ppm",396.2
"PC-O(40:5)","PC-O(40:5)","PC-O","PCOPR2",1,0,"H87 C48 N1 O7 P1",40,5,820.6212,"-0.37 ppm",396.2
"PC-O(40:4)","PC-O(40:4)","PC-O","PCOPR2",1,0,"H89 C48 N1 O7 P1",40,4,822.6371,"-0.04 ppm",396.2
"PC-O(40:3)","PC-O(40:3)","PC-O","PCOPR2",1,0,"H91 C48 N1 O7 P1",40,3,824.6526,"-0.19 ppm",396.2
"PC-O(40:2)","PC-O(40:2)","PC-O","PCOPR2",1,0,"H93 C48 N1 O7 P1",40,2,826.669,"0.67 ppm",396.2
"PC-O(46:0)","PC-O(46:0)","PC-O","PCOPR2",1,0,"H109 C54 N1 O7 P1",46,0,914.7932,"-0.41 ppm",396.2
"PE(28:0)","PE(28:0)","PETA","PE",1,0,"H67 C33 N1 O8 P1",28,0,636.4593,"-0.84 ppm",210.4
"PE(30:1)","PE(30:1)","PETA","PE",1,0,"H69 C35 N1 O8 P1",30,1,662.4754,"-0.22 ppm",210.4
"PE(30:0)","PE(30:0)","PETA","PE",1,0,"H71 C35 N1 O8 P1",30,0,664.4893,"-2.88 ppm",210.4
"PE(32:2)","PE(32:2)","PETA","PE",1,0,"H71 C37 N1 O8 P1",32,2,688.4899,"-1.90 ppm",210.4
"PE(32:1)","PE(32:1)","PETA","PE",1,0,"H73 C37 N1 O8 P1",32,1,690.5055,"-1.94 ppm",210.4
"PE(32:0)","PE(32:0)","PETA","PE",1,0,"H75 C37 N1 O8 P1",32,0,692.521,"-2.10 ppm",210.4
"PE(34:4)","PE(34:4)","PETA","PE",1,0,"H71 C39 N1 O8 P1",34,4,712.4903,"-1.25 ppm",210.4
"PE(34:3)","PE(34:3)","PETA","PE",1,0,"H73 C39 N1 O8 P1",34,3,714.5068,"-0.03 ppm",210.4
"PE(34:2)","PE(34:2)","PETA","PE",1,0,"H75 C39 N1 O8 P1",34,2,716.5225,"-0.03 ppm",210.4
"PE(34:1)","PE(34:1)","PETA","PE",1,0,"H77 C39 N1 O8 P1",34,1,718.538,"-0.23 ppm",210.4
"PE(36:6)","PE(36:6)","PETA","PE",1,0,"H71 C41 N1 O8 P1",36,6,736.4902,"-1.32 ppm",210.4
"PE(36:5)","PE(36:5)","PETA","PE",1,0,"H73 C41 N1 O8 P1",36,5,738.5063,"-0.69 ppm",210.4
"PE(36:4)","PE(36:4)","PETA","PE",1,0,"H75 C41 N1 O8 P1",36,4,740.5224,"-0.16 ppm",210.4
"PE(36:3)","PE(36:3)","PETA","PE",1,0,"H77 C41 N1 O8 P1",36,3,742.5381,"-0.03 ppm",210.4
"PE(36:2)","PE(36:2)","PETA","PE",1,0,"H79 C41 N1 O8 P1",36,2,744.554,"0.29 ppm",210.4
"PE(36:1)","PE(36:1)","PETA","PE",1,0,"H81 C41 N1 O8 P1",36,1,746.5698,"0.46 ppm",210.4
"PE(38:8)","PE(38:8)","PETA","PE",1,0,"H71 C43 N1 O8 P1",38,8,760.4897,"-1.98 ppm",210.4
"PE(38:7)","PE(38:7)","PETA","PE",1,0,"H73 C43 N1 O8 P1",38,7,762.5049,"-2.52 ppm",210.4
"PE(38:6)","PE(38:6)","PETA","PE",1,0,"H75 C43 N1 O8 P1",38,6,764.5221,"-0.44 ppm",210.4
"PE(38:5)","PE(38:5)","PETA","PE",1,0,"H77 C43 N1 O8 P1",38,5,766.5373,"-1.13 ppm",210.4
"PE(38:4)","PE(38:4)","PETA","PE",1,0,"H79 C43 N1 O8 P1",38,4,768.5531,"-0.86 ppm",210.4
"PE(38:2)","PE(38:2)","PETA","PE",1,0,"H83 C43 N1 O8 P1",38,2,772.5843,"-0.97 ppm",210.4
"PE(38:1)","PE(38:1)","PETA","PE",1,0,"H85 C43 N1 O8 P1",38,1,774.6001,"-0.77 ppm",210.4
"PE(40:8)","PE(40:8)","PETA","PE",1,0,"H75 C45 N1 O8 P1",40,8,788.519,"-4.38 ppm",210.4
"PE(40:7)","PE(40:7)","PETA","PE",1,0,"H77 C45 N1 O8 P1",40,7,790.5355,"-3.34 ppm",210.4
"PE(40:6)","PE(40:6)","PETA","PE",1,0,"H79 C45 N1 O8 P1",40,6,792.5519,"-2.32 ppm",210.4
"PE(40:5)","PE(40:5)","PETA","PE",1,0,"H81 C45 N1 O8 P1",40,5,794.5672,"-2.85 ppm",210.4
"PE(40:4)","PE(40:4)","PETA","PE",1,0,"H83 C45 N1 O8 P1",40,4,796.583,"-2.61 ppm",210.4
"PE(40:3)","PE(40:3)","PETA","PE",1,0,"H85 C45 N1 O8 P1",40,3,798.5987,"-2.58 ppm",210.4
"PE(40:2)","PE(40:2)","PETA","PE",1,0,"H87 C45 N1 O8 P1",40,2,800.6173,"1.20 ppm",210.4
"PE(40:1)","PE(40:1)","PETA","PE",1,0,"H89 C45 N1 O8 P1",40,1,802.6328,"0.98 ppm",210.4
"PE(42:8)","PE(42:8)","PETA","PE",1,0,"H79 C47 N1 O8 P1",42,8,816.5515,"-2.78 ppm",210.4
"PE(42:7)","PE(42:7)","PETA","PE",1,0,"H81 C47 N1 O8 P1",42,7,818.5683,"-1.37 ppm",210.4
"PE(42:6)","PE(42:6)","PETA","PE",1,0,"H83 C47 N1 O8 P1",42,6,820.5848,"-0.37 ppm",210.4
"PE(42:5)","PE(42:5)","PETA","PE",1,0,"H85 C47 N1 O8 P1",42,5,822.6004,"-0.41 ppm",210.4
"PE(42:4)","PE(42:4)","PETA","PE",1,0,"H87 C47 N1 O8 P1",42,4,824.616,"-0.41 ppm",210.4
"PE(42:3)","PE(42:3)","PETA","PE",1,0,"H89 C47 N1 O8 P1",42,3,826.6314,"-0.77 ppm",210.4
"PE(42:2)","PE(42:2)","PETA","PE",1,0,"H91 C47 N1 O8 P1",42,2,828.6465,"-1.48 ppm",210.4
"PE(42:1)","PE(42:1)","PETA","PE",1,0,"H93 C47 N1 O8 P1",42,1,830.6625,"-1.04 ppm",210.4
"PE(44:8)","PE(44:8)","PETA","PE",1,0,"H83 C49 N1 O8 P1",44,8,844.5851,"0.04 ppm",210.4
"PE(44:7)","PE(44:7)","PETA","PE",1,0,"H85 C49 N1 O8 P1",44,7,846.5983,"-2.87 ppm",210.4
"PE(44:6)","PE(44:6)","PETA","PE",1,0,"H87 C49 N1 O8 P1",44,6,848.6165,"0.19 ppm",210.4
"PE(44:4)","PE(44:4)","PETA","PE",1,0,"H91 C49 N1 O8 P1",44,4,852.6462,"-1.75 ppm",210.4
"PE-O(34:2)","PE-O(34:2)","PE-O","PEO",1,0,"H75 C39 N1 O7 P1",34,2,700.5273,"-0.42 ppm",250
"PE-O(36:5)","PE-O(36:5)","PE-O","PEO",1,0,"H73 C41 N1 O7 P1",36,5,722.5099,"-2.85 ppm",250
"PE-O(36:4)","PE-O(36:4)","PE-O","PEO",1,0,"H75 C41 N1 O7 P1",36,4,724.5273,"-0.41 ppm",250
"PE-O(36:2)","PE-O(36:2)","PE-O","PEO",1,0,"H79 C41 N1 O7 P1",36,2,728.559,"0.15 ppm",250
"PE-O(36:1)","PE-O(36:1)","PE-O","PEO",1,0,"H81 C41 N1 O7 P1",36,1,730.5743,"-0.27 ppm",250
"PE-O(38:7)","PE-O(38:7)","PE-O","PEO",1,0,"H73 C43 N1 O7 P1",38,7,746.5097,"-2.98 ppm",250
"PE-O(38:6)","PE-O(38:6)","PE-O","PEO",1,0,"H75 C43 N1 O7 P1",38,6,748.5279,"0.49 ppm",250
"PE-O(38:5)","PE-O(38:5)","PE-O","PEO",1,0,"H77 C43 N1 O7 P1",38,5,750.5434,"0.30 ppm",250
"PE-O(38:4)","PE-O(38:4)","PE-O","PEO",1,0,"H79 C43 N1 O7 P1",38,4,752.5594,"0.66 ppm",250
"PE-O(38:3)","PE-O(38:3)","PE-O","PEO",1,0,"H81 C43 N1 O7 P1",38,3,754.5752,"0.91 ppm",250
"PE-O(40:8)","PE-O(40:8)","PE-O","PEO",1,0,"H75 C45 N1 O7 P1",40,8,772.5252,"-3.09 ppm",250
"PE-O(40:7)","PE-O(40:7)","PE-O","PEO",1,0,"H77 C45 N1 O7 P1",40,7,774.542,"-1.61 ppm",250
"PE-O(40:6)","PE-O(40:6)","PE-O","PEO",1,0,"H79 C45 N1 O7 P1",40,6,776.5587,"-0.20 ppm",250
"PE-O(40:5)","PE-O(40:5)","PE-O","PEO",1,0,"H81 C45 N1 O7 P1",40,5,778.5745,"-0.08 ppm",250
"PE-O(40:4)","PE-O(40:4)","PE-O","PEO",1,0,"H83 C45 N1 O7 P1",40,4,780.5887,"-1.90 ppm",250
"PG(28:1)","PG(28:1)","PHGL","PG",1,0,"H69 C34 N1 O10 P1",34,1,682.465,"-0.57 ppm",51.6
"PG(30:1)","PG(30:1)","PHGL","PG",1,0,"H73 C36 N1 O10 P1",36,1,710.4961,"-0.74 ppm",51.6
"PG(30:0)","PG(30:0)","PHGL","PG",1,0,"H75 C36 N1 O10 P1",36,0,712.512,"-0.38 ppm",51.6
"PG(32:2)","PG(32:2)","PHGL","PG",1,0,"H75 C38 N1 O10 P1",38,2,736.5122,"-0.15 ppm",51.6
"PG(32:1)","PG(32:1)","PHGL","PG",1,0,"H77 C38 N1 O10 P1",38,1,738.5284,"0.53 ppm",51.6
"PG(34:3)","PG(34:3)","PHGL","PG",1,0,"H77 C40 N1 O10 P1",40,3,762.5283,"0.44 ppm",51.6
"PG(34:2)","PG(34:2)","PHGL","PG",1,0,"H79 C40 N1 O10 P1",40,2,764.5409,"-3.57 ppm",51.6
"PG(34:1)","PG(34:1)","PHGL","PG",1,0,"H81 C40 N1 O10 P1",40,1,766.5576,"-2.13 ppm",51.6
"PG(36:6)","PG(36:6)","PHGL","PG",1,0,"H75 C42 N1 O10 P1",42,6,784.5129,"0.77 ppm",51.6
"PG(36:5)","PG(36:5)","PHGL","PG",1,0,"H77 C42 N1 O10 P1",42,5,786.5274,"-0.71 ppm",51.6
"PG(36:4)","PG(36:4)","PHGL","PG",1,0,"H79 C42 N1 O10 P1",42,4,788.5413,"-2.92 ppm",51.6
"PG(36:3)","PG(36:3)","PHGL","PG",1,0,"H81 C42 N1 O10 P1",42,3,790.5563,"-3.69 ppm",51.6
"PG(36:2)","PG(36:2)","PHGL","PG",1,0,"H83 C42 N1 O10 P1",42,2,792.5719,"-3.74 ppm",51.6
"PG(36:1)","PG(36:1)","PHGL","PG",1,0,"H85 C42 N1 O10 P1",42,1,794.5882,"-2.94 ppm",51.6
"PG(38:6)","PG(38:6)","PHGL","PG",1,0,"H79 C44 N1 O10 P1",44,6,812.5434,"-0.20 ppm",51.6
"PG(38:5)","PG(38:5)","PHGL","PG",1,0,"H81 C44 N1 O10 P1",44,5,814.5594,"0.15 ppm",51.6
"PG(38:4)","PG(38:4)","PHGL","PG",1,0,"H83 C44 N1 O10 P1",44,4,816.5746,"-0.42 ppm",51.6
"PG(38:3)","PG(38:3)","PHGL","PG",1,0,"H85 C44 N1 O10 P1",44,3,818.5904,"-0.19 ppm",51.6
"PG(38:2)","PG(38:2)","PHGL","PG",1,0,"H87 C44 N1 O10 P1",44,2,820.6054,"-0.95 ppm",51.6
"PG(38:1)","PG(38:1)","PHGL","PG",1,0,"H89 C44 N1 O10 P1",44,1,822.6208,"-1.32 ppm",51.6
"PG(40:8)","PG(40:8)","PHGL","PG",1,0,"H79 C46 N1 O10 P1",46,8,836.5435,"-0.15 ppm",51.6
"PG(40:7)","PG(40:7)","PHGL","PG",1,0,"H81 C46 N1 O10 P1",46,7,838.5594,"0.17 ppm",51.6
"PG(40:6)","PG(40:6)","PHGL","PG",1,0,"H83 C46 N1 O10 P1",46,6,840.5712,"-4.42 ppm",51.6
"PG(40:5)","PG(40:5)","PHGL","PG",1,0,"H85 C46 N1 O10 P1",46,5,842.5867,"-4.54 ppm",51.6
"PG(40:4)","PG(40:4)","PHGL","PG",1,0,"H87 C46 N1 O10 P1",46,4,844.6068,"0.69 ppm",51.6
"PS(32:0)","PS(32:0)","PHSE","PSNL185POS",1,0,"H75 C38 N1 O10 P1",32,0,736.5122,"-0.15 ppm",98.8
"PS(34:4)","PS(34:4)","PHSE","PSNL185POS",1,0,"H71 C40 N1 O10 P1",34,4,756.4781,"-3.82 ppm",98.8
"PS(34:1)","PS(34:1)","PHSE","PSNL185POS",1,0,"H77 C40 N1 O10 P1",34,1,762.5283,"0.44 ppm",98.8
"PS(34:0)","PS(34:0)","PHSE","PSNL185POS",1,0,"H79 C40 N1 O10 P1",34,0,764.5409,"-3.57 ppm",98.8
"PS(36:6)","PS(36:6)","PHSE","PSNL185POS",1,0,"H71 C42 N1 O10 P1",36,6,780.4797,"-1.65 ppm",98.8
"PS(36:5)","PS(36:5)","PHSE","PSNL185POS",1,0,"H73 C42 N1 O10 P1",36,5,782.4964,"-0.39 ppm",98.8
"PS(36:4)","PS(36:4)","PHSE","PSNL185POS",1,0,"H75 C42 N1 O10 P1",36,4,784.5129,"0.77 ppm",98.8
"PS(36:2)","PS(36:2)","PHSE","PSNL185POS",1,0,"H79 C42 N1 O10 P1",36,2,788.5413,"-2.92 ppm",98.8
"PS(36:1)","PS(36:1)","PHSE","PSNL185POS",1,0,"H81 C42 N1 O10 P1",36,1,790.5563,"-3.69 ppm",98.8
"PS(36:0)","PS(36:0)","PHSE","PSNL185POS",1,0,"H83 C42 N1 O10 P1",36,0,792.5719,"-3.74 ppm",98.8
"PS(38:7)","PS(38:7)","PHSE","PSNL185POS",1,0,"H73 C44 N1 O10 P1",38,7,806.4965,"-0.22 ppm",98.8
"PS(38:6)","PS(38:6)","PHSE","PSNL185POS",1,0,"H75 C44 N1 O10 P1",38,6,808.5092,"-3.79 ppm",98.8
"PS(38:5)","PS(38:5)","PHSE","PSNL185POS",1,0,"H77 C44 N1 O10 P1",38,5,810.5259,"-2.49 ppm",98.8
"PS(38:4)","PS(38:4)","PHSE","PSNL185POS",1,0,"H79 C44 N1 O10 P1",38,4,812.5434,"-0.20 ppm",98.8
"PS(38:2)","PS(38:2)","PHSE","PSNL185POS",1,0,"H83 C44 N1 O10 P1",38,2,816.5746,"-0.42 ppm",98.8
"PS(38:1)","PS(38:1)","PHSE","PSNL185POS",1,0,"H85 C44 N1 O10 P1",38,1,818.5904,"-0.19 ppm",98.8
"PS(40:7)","PS(40:7)","PHSE","PSNL185POS",1,0,"H77 C46 N1 O10 P1",40,7,834.526,"-2.38 ppm",98.8
"PS(40:6)","PS(40:6)","PHSE","PSNL185POS",1,0,"H79 C46 N1 O10 P1",40,6,836.5435,"-0.15 ppm",98.8
"PS(40:5)","PS(40:5)","PHSE","PSNL185POS",1,0,"H81 C46 N1 O10 P1",40,5,838.5594,"0.17 ppm",98.8
"PS(40:4)","PS(40:4)","PHSE","PSNL185POS",1,0,"H83 C46 N1 O10 P1",40,4,840.5712,"-4.42 ppm",98.8
"PS(40:3)","PS(40:3)","PHSE","PSNL185POS",1,0,"H85 C46 N1 O10 P1",40,3,842.5867,"-4.54 ppm",98.8
"PS(40:2)","PS(40:2)","PHSE","PSNL185POS",1,0,"H87 C46 N1 O10 P1",40,2,844.6068,"0.69 ppm",98.8
"PS(40:1)","PS(40:1)","PHSE","PSNL185POS",1,0,"H89 C46 N1 O10 P1",40,1,846.6211,"-0.92 ppm",98.8
"PS(42:7)","PS(42:7)","PHSE","PSNL185POS",1,0,"H81 C48 N1 O10 P1",42,7,862.5557,"-4.11 ppm",98.8
"PS(42:6)","PS(42:6)","PHSE","PSNL185POS",1,0,"H83 C48 N1 O10 P1",42,6,864.5715,"-3.90 ppm",98.8
"PS(42:5)","PS(42:5)","PHSE","PSNL185POS",1,0,"H85 C48 N1 O10 P1",42,5,866.5896,"-1.15 ppm",98.8
"PS(46:6)","PS(46:6)","PHSE","PSNL185POS",1,0,"H91 C52 N1 O10 P1",46,6,920.6363,"-1.31 ppm",98.8
"SM(14:1)","SM(14:1)","SPMY","SMPR2",1,0,"H74 C37 N2 O6 P1",14,1,673.528,"0.08 ppm",99.2
"SM(14:0)","SM(14:0)","SPMY","SMPR2",1,0,"H76 C37 N2 O6 P1",14,0,675.5429,"-1.00 ppm",99.2
"SM(16:5)","SM(16:5)","SPMY","SMPR2",1,0,"H70 C39 N2 O6 P1",16,5,693.4965,"-0.11 ppm",99.2
"SM(16:3)","SM(16:3)","SPMY","SMPR2",1,0,"H74 C39 N2 O6 P1",16,3,697.5279,"0.06 ppm",99.2
"SM(16:1)","SM(16:1)","SPMY","SMPR2",1,0,"H78 C39 N2 O6 P1",16,1,701.5593,"0.11 ppm",99.2
"SM(16:0)","SM(16:0)","SPMY","SMPR2",1,0,"H80 C39 N2 O6 P1",16,0,703.5746,"-0.30 ppm",99.2
"SM(18:3)","SM(18:3)","SPMY","SMPR2",1,0,"H78 C41 N2 O6 P1",18,3,725.5566,"-3.60 ppm",99.2
"SM(18:1)","SM(18:1)","SPMY","SMPR2",1,0,"H82 C41 N2 O6 P1",18,1,729.5909,"0.57 ppm",99.2
"SM(18:0)","SM(18:0)","SPMY","SMPR2",1,0,"H84 C41 N2 O6 P1",18,0,731.606,"-0.20 ppm",99.2
"SM(20:3)","SM(20:3)","SPMY","SMPR2",1,0,"H82 C43 N2 O6 P1",20,3,753.5894,"-1.42 ppm",99.2
"SM(20:1)","SM(20:1)","SPMY","SMPR2",1,0,"H86 C43 N2 O6 P1",20,1,757.622,"0.32 ppm",99.2
"SM(20:0)","SM(20:0)","SPMY","SMPR2",1,0,"H88 C43 N2 O6 P1",20,0,759.6361,"-1.81 ppm",99.2
"SM(22:1)","SM(22:1)","SPMY","SMPR2",1,0,"H90 C45 N2 O6 P1",22,1,785.6511,"-2.56 ppm",99.2
"SM(22:0)","SM(22:0)","SPMY","SMPR2",1,0,"H92 C45 N2 O6 P1",22,0,787.6664,"-2.93 ppm",99.2
"SM(24:3)","SM(24:3)","SPMY","SMPR2",1,0,"H90 C47 N2 O6 P1",24,3,809.6507,"-2.97 ppm",99.2
"SM(24:2)","SM(24:2)","SPMY","SMPR2",1,0,"H92 C47 N2 O6 P1",24,2,811.668,"-0.91 ppm",99.2
"SM(24:1)","SM(24:1)","SPMY","SMPR2",1,0,"H94 C47 N2 O6 P1",24,1,813.684,"-0.50 ppm",99.2
"SM(24:0)","SM(24:0)","SPMY","SMPR2",1,0,"H96 C47 N2 O6 P1",24,0,815.6997,"-0.46 ppm",99.2
"SM(26:4)","SM(26:4)","SPMY","SMPR2",1,0,"H92 C49 N2 O6 P1",26,4,835.6654,"-4.06 ppm",99.2
"SM(26:3)","SM(26:3)","SPMY","SMPR2",1,0,"H94 C49 N2 O6 P1",26,3,837.6826,"-2.19 ppm",99.2
"SM(26:2)","SM(26:2)","SPMY","SMPR2",1,0,"H96 C49 N2 O6 P1",26,2,839.6995,"-0.65 ppm",99.2
"SM(26:1)","SM(26:1)","SPMY","SMPR2",1,0,"H98 C49 N2 O6 P1",26,1,841.7166,"1.12 ppm",99.2
"SM(26:0)","SM(26:0)","SPMY","SMPR2",1,0,"H100 C49 N2 O6 P1",26,0,843.7301,"-1.51 ppm",99.2
"SM(28:4)","SM(28:4)","SPMY","SMPR2",1,0,"H96 C51 N2 O6 P1",28,4,863.6985,"-1.79 ppm",99.2
"SM(28:2)","SM(28:2)","SPMY","SMPR2",1,0,"H100 C51 N2 O6 P1",28,2,867.7271,"-4.86 ppm",99.2
"SM(32:5)","SM(32:5)","SPMY","SMPR2",1,0,"H102 C55 N2 O6 P1",32,5,917.7435,"-3.82 ppm",99.2
"TAG(40:1)_TAG","TAG(40:1)_TAG","TACG_sat","TAG",1,0,"H84 C43 O6 N1",40,1,710.6292,"-0.10 ppm",427.1
"TAG(40:0)_TAG","TAG(40:0)_TAG","TACG_unsat","TAG",1,0,"H86 C43 O6 N1",40,0,712.6447,"-0.43 ppm",427.1
"TAG(42:3)_TAG","TAG(42:3)_TAG","TACG_sat","TAG",1,0,"H84 C45 O6 N1",42,3,734.6266,"-3.69 ppm",427.1
"TAG(42:2)_TAG","TAG(42:2)_TAG","TACG_sat","TAG",1,0,"H86 C45 O6 N1",42,2,736.6448,"-0.25 ppm",427.1
"TAG(42:1)_TAG","TAG(42:1)_TAG","TACG_sat","TAG",1,0,"H88 C45 O6 N1",42,1,738.661,"0.56 ppm",427.1
"TAG(42:0)_TAG","TAG(42:0)_TAG","TACG_unsat","TAG",1,0,"H90 C45 O6 N1",42,0,740.6757,"-0.79 ppm",427.1
"TAG(44:3)_TAG","TAG(44:3)_TAG","TACG_sat","TAG",1,0,"H88 C47 O6 N1",44,3,762.6591,"-1.95 ppm",427.1
"TAG(44:2)_TAG","TAG(44:2)_TAG","TACG_sat","TAG",1,0,"H90 C47 O6 N1",44,2,764.6752,"-1.35 ppm",427.1
"TAG(44:1)_TAG","TAG(44:1)_TAG","TACG_sat","TAG",1,0,"H92 C47 O6 N1",44,1,766.6906,"-1.75 ppm",427.1
"TAG(44:0)_TAG","TAG(44:0)_TAG","TACG_unsat","TAG",1,0,"H94 C47 O6 N1",44,0,768.7071,"-0.55 ppm",427.1
"TAG(46:3)_TAG","TAG(46:3)_TAG","TACG_sat","TAG",1,0,"H92 C49 O6 N1",46,3,790.6889,"-3.85 ppm",427.1
"TAG(46:2)_TAG","TAG(46:2)_TAG","TACG_sat","TAG",1,0,"H94 C49 O6 N1",46,2,792.7053,"-2.82 ppm",427.1
"TAG(46:1)_TAG","TAG(46:1)_TAG","TACG_sat","TAG",1,0,"H96 C49 O6 N1",46,1,794.721,"-2.82 ppm",427.1
"TAG(46:0)_TAG","TAG(46:0)_TAG","TACG_unsat","TAG",1,0,"H98 C49 O6 N1",46,0,796.7371,"-2.26 ppm",427.1
"TAG(48:6)_TAG","TAG(48:6)_TAG","TACG_sat","TAG",1,0,"H90 C51 O6 N1",48,6,812.6803,"4.93 ppm",427.1
"TAG(48:4)_TAG","TAG(48:4)_TAG","TACG_sat","TAG",1,0,"H94 C51 O6 N1",48,4,816.7035,"-4.92 ppm",427.1
"TAG(48:3)_TAG","TAG(48:3)_TAG","TACG_sat","TAG",1,0,"H96 C51 O6 N1",48,3,818.7229,"-0.41 ppm",427.1
"TAG(48:2)_TAG","TAG(48:2)_TAG","TACG_sat","TAG",1,0,"H98 C51 O6 N1",48,2,820.7385,"-0.39 ppm",427.1
"TAG(48:1)_TAG","TAG(48:1)_TAG","TACG_sat","TAG",1,0,"H100 C51 O6 N1",48,1,822.7543,"-0.28 ppm",427.1
"TAG(48:0)_TAG","TAG(48:0)_TAG","TACG_unsat","TAG",1,0,"H102 C51 O6 N1",48,0,824.7699,"-0.30 ppm",427.1
"TAG(50:11)_TAG","TAG(50:11)_TAG","TACG_sat","TAG",1,0,"H84 C53 O6 N1",50,11,830.6279,"-1.68 ppm",427.1
"TAG(50:8)_TAG","TAG(50:8)_TAG","TACG_sat","TAG",1,0,"H90 C53 O6 N1",50,8,836.6727,"-4.30 ppm",427.1
"TAG(50:7)_TAG","TAG(50:7)_TAG","TACG_sat","TAG",1,0,"H92 C53 O6 N1",50,7,838.6916,"-0.34 ppm",427.1
"TAG(50:6)_TAG","TAG(50:6)_TAG","TACG_sat","TAG",1,0,"H94 C53 O6 N1",50,6,840.7066,"-1.12 ppm",427.1
"TAG(50:5)_TAG","TAG(50:5)_TAG","TACG_sat","TAG",1,0,"H96 C53 O6 N1",50,5,842.7234,"0.17 ppm",427.1
"TAG(50:4)_TAG","TAG(50:4)_TAG","TACG_sat","TAG",1,0,"H98 C53 O6 N1",50,4,844.739,"0.17 ppm",427.1
"TAG(50:3)_TAG","TAG(50:3)_TAG","TACG_sat","TAG",1,0,"H100 C53 O6 N1",50,3,846.7546,"0.10 ppm",427.1
"TAG(50:2)_TAG","TAG(50:2)_TAG","TACG_sat","TAG",1,0,"H102 C53 O6 N1",50,2,848.7697,"-0.53 ppm",427.1
"TAG(50:1)_TAG","TAG(50:1)_TAG","TACG_sat","TAG",1,0,"H104 C53 O6 N1",50,1,850.7839,"-2.21 ppm",427.1
"TAG(50:0)_TAG","TAG(50:0)_TAG","TACG_unsat","TAG",1,0,"H106 C53 O6 N1",50,0,852.8007,"-0.94 ppm",427.1
"TAG(52:13)_TAG","TAG(52:13)_TAG","TACG_sat","TAG",1,0,"H84 C55 O6 N1",52,13,854.6274,"-2.30 ppm",427.1
"TAG(52:12)_TAG","TAG(52:12)_TAG","TACG_sat","TAG",1,0,"H86 C55 O6 N1",52,12,856.6448,"-0.14 ppm",427.1
"TAG(52:11)_TAG","TAG(52:11)_TAG","TACG_sat","TAG",1,0,"H88 C55 O6 N1",52,11,858.6584,"-2.52 ppm",427.1
"TAG(52:10)_TAG","TAG(52:10)_TAG","TACG_sat","TAG",1,0,"H90 C55 O6 N1",52,10,860.6728,"-4.02 ppm",427.1
"TAG(52:9)_TAG","TAG(52:9)_TAG","TACG_sat","TAG",1,0,"H92 C55 O6 N1",52,9,862.6885,"-3.99 ppm",427.1
"TAG(52:8)_TAG","TAG(52:8)_TAG","TACG_sat","TAG",1,0,"H94 C55 O6 N1",52,8,864.7052,"-2.73 ppm",427.1
"TAG(52:7)_TAG","TAG(52:7)_TAG","TACG_sat","TAG",1,0,"H96 C55 O6 N1",52,7,866.719,"-4.85 ppm",427.1
"TAG(52:6)_TAG","TAG(52:6)_TAG","TACG_sat","TAG",1,0,"H98 C55 O6 N1",52,6,868.7393,"0.46 ppm",427.1
"TAG(52:5)_TAG","TAG(52:5)_TAG","TACG_sat","TAG",1,0,"H100 C55 O6 N1",52,5,870.7546,"0.11 ppm",427.1
"TAG(52:4)_TAG","TAG(52:4)_TAG","TACG_sat","TAG",1,0,"H102 C55 O6 N1",52,4,872.77,"-0.24 ppm",427.1
"TAG(52:3)_TAG","TAG(52:3)_TAG","TACG_sat","TAG",1,0,"H104 C55 O6 N1",52,3,874.785,"-0.96 ppm",427.1
"TAG(52:2)_TAG","TAG(52:2)_TAG","TACG_sat","TAG",1,0,"H106 C55 O6 N1",52,2,876.7991,"-2.73 ppm",427.1
"TAG(54:15)_TAG","TAG(54:15)_TAG","TACG_sat","TAG",1,0,"H84 C57 O6 N1",54,15,878.6249,"-5.08 ppm",427.1
"TAG(54:14)_TAG","TAG(54:14)_TAG","TACG_sat","TAG",1,0,"H86 C57 O6 N1",54,14,880.6429,"-2.39 ppm",427.1
"TAG(52:0)_TAG","TAG(52:0)_TAG","TACG_unsat","TAG",1,0,"H110 C55 O6 N1",52,0,880.832,"-0.88 ppm",427.1
"TAG(54:12)_TAG","TAG(54:12)_TAG","TACG_sat","TAG",1,0,"H90 C57 O6 N1",54,12,884.6777,"1.60 ppm",427.1
"TAG(54:11)_TAG","TAG(54:11)_TAG","TACG_sat","TAG",1,0,"H92 C57 O6 N1",54,11,886.6954,"3.93 ppm",427.1
"TAG(54:10)_TAG","TAG(54:10)_TAG","TACG_sat","TAG",1,0,"H94 C57 O6 N1",54,10,888.7033,"-4.84 ppm",427.1
"TAG(54:9)_TAG","TAG(54:9)_TAG","TACG_sat","TAG",1,0,"H96 C57 O6 N1",54,9,890.7221,"-1.26 ppm",427.1
"TAG(54:8)_TAG","TAG(54:8)_TAG","TACG_sat","TAG",1,0,"H98 C57 O6 N1",54,8,892.7368,"-2.36 ppm",427.1
"TAG(54:7)_TAG","TAG(54:7)_TAG","TACG_sat","TAG",1,0,"H100 C57 O6 N1",54,7,894.7523,"-2.48 ppm",427.1
"TAG(54:6)_TAG","TAG(54:6)_TAG","TACG_sat","TAG",1,0,"H102 C57 O6 N1",54,6,896.768,"-2.37 ppm",427.1
"TAG(54:5)_TAG","TAG(54:5)_TAG","TACG_sat","TAG",1,0,"H104 C57 O6 N1",54,5,898.7834,"-2.70 ppm",427.1
"TAG(54:4)_TAG","TAG(54:4)_TAG","TACG_sat","TAG",1,0,"H106 C57 O6 N1",54,4,900.802,"0.57 ppm",427.1
"TAG(54:3)_TAG","TAG(54:3)_TAG","TACG_sat","TAG",1,0,"H108 C57 O6 N1",54,3,902.8167,"-0.41 ppm",427.1
"TAG(54:2)_TAG","TAG(54:2)_TAG","TACG_sat","TAG",1,0,"H110 C57 O6 N1",54,2,904.8293,"-3.86 ppm",427.1
"TAG(56:15)_TAG","TAG(56:15)_TAG","TACG_sat","TAG",1,0,"H88 C59 O6 N1",56,15,906.6617,"1.22 ppm",427.1
"TAG(54:1)_TAG","TAG(54:1)_TAG","TACG_sat","TAG",1,0,"H112 C57 O6 N1",54,1,906.8481,"-0.30 ppm",427.1
"TAG(56:14)_TAG","TAG(56:14)_TAG","TACG_sat","TAG",1,0,"H90 C59 O6 N1",56,14,908.6801,"4.23 ppm",427.1
"TAG(54:0)_TAG","TAG(54:0)_TAG","TACG_unsat","TAG",1,0,"H114 C57 O6 N1",54,0,908.8631,"-1.04 ppm",427.1
"TAG(56:13)_TAG","TAG(56:13)_TAG","TACG_sat","TAG",1,0,"H92 C59 O6 N1",56,13,910.6874,"-4.94 ppm",427.1
"TAG(56:12)_TAG","TAG(56:12)_TAG","TACG_sat","TAG",1,0,"H94 C59 O6 N1",56,12,912.707,"-0.62 ppm",427.1
"TAG(56:11)_TAG","TAG(56:11)_TAG","TACG_sat","TAG",1,0,"H96 C59 O6 N1",56,11,914.7239,"0.79 ppm",427.1
"TAG(56:10)_TAG","TAG(56:10)_TAG","TACG_sat","TAG",1,0,"H98 C59 O6 N1",56,10,916.7405,"1.79 ppm",427.1
"TAG(56:9)_TAG","TAG(56:9)_TAG","TACG_sat","TAG",1,0,"H100 C59 O6 N1",56,9,918.7551,"0.69 ppm",427.1
"TAG(56:8)_TAG","TAG(56:8)_TAG","TACG_sat","TAG",1,0,"H102 C59 O6 N1",56,8,920.7703,"0.12 ppm",427.1
"TAG(56:7)_TAG","TAG(56:7)_TAG","TACG_sat","TAG",1,0,"H104 C59 O6 N1",56,7,922.7852,"-0.62 ppm",427.1
"TAG(56:6)_TAG","TAG(56:6)_TAG","TACG_sat","TAG",1,0,"H106 C59 O6 N1",56,6,924.7997,"-1.93 ppm",427.1
"TAG(56:5)_TAG","TAG(56:5)_TAG","TACG_sat","TAG",1,0,"H108 C59 O6 N1",56,5,926.8152,"-2.06 ppm",427.1
"TAG(56:4)_TAG","TAG(56:4)_TAG","TACG_sat","TAG",1,0,"H110 C59 O6 N1",56,4,928.8315,"-1.38 ppm",427.1
"TAG(56:3)_TAG","TAG(56:3)_TAG","TACG_sat","TAG",1,0,"H112 C59 O6 N1",56,3,930.8475,"-0.95 ppm",427.1
"TAG(58:16)_TAG","TAG(58:16)_TAG","TACG_sat","TAG",1,0,"H90 C61 O6 N1",58,16,932.6777,"1.57 ppm",427.1
"TAG(56:2)_TAG","TAG(56:2)_TAG","TACG_sat","TAG",1,0,"H114 C59 O6 N1",56,2,932.8641,"0.07 ppm",427.1
"TAG(58:15)_TAG","TAG(58:15)_TAG","TACG_sat","TAG",1,0,"H92 C61 O6 N1",58,15,934.6918,"-0.13 ppm",427.1
"TAG(56:1)_TAG","TAG(56:1)_TAG","TACG_sat","TAG",1,0,"H116 C59 O6 N1",56,1,934.8805,"0.89 ppm",427.1
"TAG(58:14)_TAG","TAG(58:14)_TAG","TACG_sat","TAG",1,0,"H94 C61 O6 N1",58,14,936.7109,"3.52 ppm",427.1
"TAG(56:0)_TAG","TAG(56:0)_TAG","TACG_unsat","TAG",1,0,"H118 C59 O6 N1",56,0,936.8969,"1.68 ppm",427.1
"TAG(58:12)_TAG","TAG(58:12)_TAG","TACG_sat","TAG",1,0,"H98 C61 O6 N1",58,12,940.7393,"0.46 ppm",427.1
"TAG(58:11)_TAG","TAG(58:11)_TAG","TACG_sat","TAG",1,0,"H100 C61 O6 N1",58,11,942.7543,"-0.19 ppm",427.1
"TAG(58:10)_TAG","TAG(58:10)_TAG","TACG_sat","TAG",1,0,"H102 C61 O6 N1",58,10,944.7697,"-0.54 ppm",427.1
"TAG(58:9)_TAG","TAG(58:9)_TAG","TACG_sat","TAG",1,0,"H104 C61 O6 N1",58,9,946.7852,"-0.62 ppm",427.1
"TAG(58:8)_TAG","TAG(58:8)_TAG","TACG_sat","TAG",1,0,"H106 C61 O6 N1",58,8,948.8006,"-0.90 ppm",427.1
"TAG(58:7)_TAG","TAG(58:7)_TAG","TACG_sat","TAG",1,0,"H108 C61 O6 N1",58,7,950.8159,"-1.27 ppm",427.1
"TAG(58:6)_TAG","TAG(58:6)_TAG","TACG_sat","TAG",1,0,"H110 C61 O6 N1",58,6,952.8318,"-1.01 ppm",427.1
"TAG(58:5)_TAG","TAG(58:5)_TAG","TACG_sat","TAG",1,0,"H112 C61 O6 N1",58,5,954.8482,"-0.27 ppm",427.1
"TAG(58:4)_TAG","TAG(58:4)_TAG","TACG_sat","TAG",1,0,"H114 C61 O6 N1",58,4,956.864,"-0.04 ppm",427.1
"TAG(58:3)_TAG","TAG(58:3)_TAG","TACG_sat","TAG",1,0,"H116 C61 O6 N1",58,3,958.8794,"-0.32 ppm",427.1
"TAG(60:16)_TAG","TAG(60:16)_TAG","TACG_sat","TAG",1,0,"H94 C63 O6 N1",60,16,960.7099,"2.39 ppm",427.1
"TAG(58:2)_TAG","TAG(58:2)_TAG","TACG_sat","TAG",1,0,"H118 C61 O6 N1",58,2,960.8958,"0.44 ppm",427.1
"TAG(60:15)_TAG","TAG(60:15)_TAG","TACG_sat","TAG",1,0,"H96 C63 O6 N1",60,15,962.7268,"3.76 ppm",427.1
"TAG(58:1)_TAG","TAG(58:1)_TAG","TACG_sat","TAG",1,0,"H120 C61 O6 N1",58,1,962.9116,"0.65 ppm",427.1
"TAG(60:14)_TAG","TAG(60:14)_TAG","TACG_sat","TAG",1,0,"H98 C63 O6 N1",60,14,964.7434,"4.69 ppm",427.1
"TAG(58:0)_TAG","TAG(58:0)_TAG","TACG_unsat","TAG",1,0,"H122 C61 O6 N1",58,0,964.9272,"0.54 ppm",427.1
"TAG(60:13)_TAG","TAG(60:13)_TAG","TACG_sat","TAG",1,0,"H100 C63 O6 N1",60,13,966.7552,"0.68 ppm",427.1
"TAG(60:12)_TAG","TAG(60:12)_TAG","TACG_sat","TAG",1,0,"H102 C63 O6 N1",60,12,968.7695,"-0.64 ppm",427.1
"TAG(60:11)_TAG","TAG(60:11)_TAG","TACG_sat","TAG",1,0,"H104 C63 O6 N1",60,11,970.7857,"-0.07 ppm",427.1
"TAG(60:10)_TAG","TAG(60:10)_TAG","TACG_sat","TAG",1,0,"H106 C63 O6 N1",60,10,972.8013,"-0.17 ppm",427.1
"TAG(60:9)_TAG","TAG(60:9)_TAG","TACG_sat","TAG",1,0,"H108 C63 O6 N1",60,9,974.817,"-0.08 ppm",427.1
"TAG(60:8)_TAG","TAG(60:8)_TAG","TACG_sat","TAG",1,0,"H110 C63 O6 N1",60,8,976.8326,"-0.16 ppm",427.1
"TAG(60:7)_TAG","TAG(60:7)_TAG","TACG_sat","TAG",1,0,"H112 C63 O6 N1",60,7,978.8485,"0.12 ppm",427.1
"TAG(60:6)_TAG","TAG(60:6)_TAG","TACG_sat","TAG",1,0,"H114 C63 O6 N1",60,6,980.8645,"0.44 ppm",427.1
"TAG(60:5)_TAG","TAG(60:5)_TAG","TACG_sat","TAG",1,0,"H116 C63 O6 N1",60,5,982.8804,"0.72 ppm",427.1
"TAG(60:4)_TAG","TAG(60:4)_TAG","TACG_sat","TAG",1,0,"H118 C63 O6 N1",60,4,984.8961,"0.71 ppm",427.1
"TAG(60:3)_TAG","TAG(60:3)_TAG","TACG_sat","TAG",1,0,"H120 C63 O6 N1",60,3,986.9109,"-0.10 ppm",427.1
"TAG(62:16)_TAG","TAG(62:16)_TAG","TACG_sat","TAG",1,0,"H98 C65 O6 N1",62,16,988.7374,"-1.53 ppm",427.1
"TAG(60:2)_TAG","TAG(60:2)_TAG","TACG_sat","TAG",1,0,"H122 C63 O6 N1",60,2,988.927,"0.29 ppm",427.1
"TAG(62:15)_TAG","TAG(62:15)_TAG","TACG_sat","TAG",1,0,"H100 C65 O6 N1",62,15,990.7553,"0.77 ppm",427.1
"TAG(60:1)_TAG","TAG(60:1)_TAG","TACG_sat","TAG",1,0,"H124 C63 O6 N1",60,1,990.9435,"1.22 ppm",427.1
"TAG(62:14)_TAG","TAG(62:14)_TAG","TACG_sat","TAG",1,0,"H102 C65 O6 N1",62,14,992.7703,"0.14 ppm",427.1
"TAG(60:0)_TAG","TAG(60:0)_TAG","TACG_unsat","TAG",1,0,"H126 C63 O6 N1",60,0,992.9588,"0.80 ppm",427.1
"TAG(62:13)_TAG","TAG(62:13)_TAG","TACG_sat","TAG",1,0,"H104 C65 O6 N1",62,13,994.7861,"0.29 ppm",427.1
"TAG(62:12)_TAG","TAG(62:12)_TAG","TACG_sat","TAG",1,0,"H106 C65 O6 N1",62,12,996.8012,"-0.26 ppm",427.1
"TAG(62:11)_TAG","TAG(62:11)_TAG","TACG_sat","TAG",1,0,"H108 C65 O6 N1",62,11,998.817,"-0.07 ppm",427.1
"TAG(62:4)_TAG","TAG(62:4)_TAG","TACG_sat","TAG",1,0,"H122 C65 O6 N1",62,4,1012.9305,"3.78 ppm",427.1
"TAG(62:3)_TAG","TAG(62:3)_TAG","TACG_sat","TAG",1,0,"H124 C65 O6 N1",62,3,1014.9468,"4.43 ppm",427.1
"TAG(62:2)_TAG","TAG(62:2)_TAG","TACG_sat","TAG",1,0,"H126 C65 O6 N1",62,2,1016.9609,"2.88 ppm",427.1
"TAG(64:15)_TAG","TAG(64:15)_TAG","TACG_sat","TAG",1,0,"H104 C67 O6 N1",64,15,1018.7907,"4.81 ppm",427.1
"TAG(64:14)_TAG","TAG(64:14)_TAG","TACG_sat","TAG",1,0,"H106 C67 O6 N1",64,14,1020.8062,"4.68 ppm",427.1
"TAG(64:13)_TAG","TAG(64:13)_TAG","TACG_sat","TAG",1,0,"H108 C67 O6 N1",64,13,1022.822,"4.81 ppm",427.1
"TAG(64:12)_TAG","TAG(64:12)_TAG","TACG_sat","TAG",1,0,"H110 C67 O6 N1",64,12,1024.8377,"4.79 ppm",427.1
"TAG(64:11)_TAG","TAG(64:11)_TAG","TACG_sat","TAG",1,0,"H112 C67 O6 N1",64,11,1026.8534,"4.88 ppm",427.1
"TAG(64:10)_TAG","TAG(64:10)_TAG","TACG_sat","TAG",1,0,"H114 C67 O6 N1",64,10,1028.869,"4.82 ppm",427.1
"TAG(64:9)_TAG","TAG(64:9)_TAG","TACG_sat","TAG",1,0,"H116 C67 O6 N1",64,9,1030.8842,"4.32 ppm",427.1
"TAG(64:8)_TAG","TAG(64:8)_TAG","TACG_sat","TAG",1,0,"H118 C67 O6 N1",64,8,1032.8992,"3.74 ppm",427.1
"TAG(64:7)_TAG","TAG(64:7)_TAG","TACG_sat","TAG",1,0,"H120 C67 O6 N1",64,7,1034.9082,"-2.72 ppm",427.1
"TAG(64:6)_TAG","TAG(64:6)_TAG","TACG_sat","TAG",1,0,"H122 C67 O6 N1",64,6,1036.9239,"-2.69 ppm",427.1
"TAG(37:5)_TAGODD","TAG(37:5)_TAGODD","TACG_sat","TAGODD",1,0,"H70 C40 O6 N1",37,5,660.5164,"-5.08 ppm",359.5
"TAG(37:4)_TAGODD","TAG(37:4)_TAGODD","TACG_sat","TAGODD",1,0,"H72 C40 O6 N1",37,4,662.5353,"-0.24 ppm",359.5
"TAG(37:3)_TAGODD","TAG(37:3)_TAGODD","TACG_sat","TAGODD",1,0,"H74 C40 O6 N1",37,3,664.5499,"-1.74 ppm",359.5
"TAG(37:2)_TAGODD","TAG(37:2)_TAGODD","TACG_sat","TAGODD",1,0,"H76 C40 O6 N1",37,2,666.566,"-1.10 ppm",359.5
"TAG(37:1)_TAGODD","TAG(37:1)_TAGODD","TACG_sat","TAGODD",1,0,"H78 C40 O6 N1",37,1,668.5823,"-0.04 ppm",359.5
"TAG(37:0)_TAGODD","TAG(37:0)_TAGODD","TACG_unsat","TAGODD",1,0,"H80 C40 O6 N1",37,0,670.5974,"-0.99 ppm",359.5
"TAG(39:6)_TAGODD","TAG(39:6)_TAGODD","TACG_sat","TAGODD",1,0,"H72 C42 O6 N1",39,6,686.5321,"-4.90 ppm",359.5
"TAG(39:5)_TAGODD","TAG(39:5)_TAGODD","TACG_sat","TAGODD",1,0,"H74 C42 O6 N1",39,5,688.549,"-2.99 ppm",359.5
"TAG(39:4)_TAGODD","TAG(39:4)_TAGODD","TACG_sat","TAGODD",1,0,"H76 C42 O6 N1",39,4,690.5654,"-1.90 ppm",359.5
"TAG(39:3)_TAGODD","TAG(39:3)_TAGODD","TACG_sat","TAGODD",1,0,"H78 C42 O6 N1",39,3,692.5806,"-2.59 ppm",359.5
"TAG(39:2)_TAGODD","TAG(39:2)_TAGODD","TACG_sat","TAGODD",1,0,"H80 C42 O6 N1",39,2,694.5968,"-1.69 ppm",359.5
"TAG(39:1)_TAGODD","TAG(39:1)_TAGODD","TACG_sat","TAGODD",1,0,"H82 C42 O6 N1",39,1,696.6125,"-1.74 ppm",359.5
"TAG(39:0)_TAGODD","TAG(39:0)_TAGODD","TACG_unsat","TAGODD",1,0,"H84 C42 O6 N1",39,0,698.6279,"-2.09 ppm",359.5
"TAG(41:9)_TAGODD","TAG(41:9)_TAGODD","TACG_sat","TAGODD",1,0,"H70 C44 O6 N1",41,9,708.518,"-2.55 ppm",359.5
"TAG(41:7)_TAGODD","TAG(41:7)_TAGODD","TACG_sat","TAGODD",1,0,"H74 C44 O6 N1",41,7,712.5495,"-2.24 ppm",359.5
"TAG(41:6)_TAGODD","TAG(41:6)_TAGODD","TACG_sat","TAGODD",1,0,"H76 C44 O6 N1",41,6,714.5652,"-2.07 ppm",359.5
"TAG(41:5)_TAGODD","TAG(41:5)_TAGODD","TACG_sat","TAGODD",1,0,"H78 C44 O6 N1",41,5,716.5806,"-2.47 ppm",359.5
"TAG(41:3)_TAGODD","TAG(41:3)_TAGODD","TACG_sat","TAGODD",1,0,"H82 C44 O6 N1",41,3,720.6134,"-0.40 ppm",359.5
"TAG(41:2)_TAGODD","TAG(41:2)_TAGODD","TACG_sat","TAGODD",1,0,"H84 C44 O6 N1",41,2,722.6284,"-1.26 ppm",359.5
"TAG(41:1)_TAGODD","TAG(41:1)_TAGODD","TACG_sat","TAGODD",1,0,"H86 C44 O6 N1",41,1,724.6447,"-0.40 ppm",359.5
"TAG(41:0)_TAGODD","TAG(41:0)_TAGODD","TACG_unsat","TAGODD",1,0,"H88 C44 O6 N1",41,0,726.6605,"-0.13 ppm",359.5
"TAG(43:10)_TAGODD","TAG(43:10)_TAGODD","TACG_sat","TAGODD",1,0,"H72 C46 O6 N1",43,10,734.5333,"-2.89 ppm",359.5
"TAG(43:9)_TAGODD","TAG(43:9)_TAGODD","TACG_sat","TAGODD",1,0,"H74 C46 O6 N1",43,9,736.5481,"-3.97 ppm",359.5
"TAG(43:7)_TAGODD","TAG(43:7)_TAGODD","TACG_sat","TAGODD",1,0,"H78 C46 O6 N1",43,7,740.5796,"-3.70 ppm",359.5
"TAG(43:6)_TAGODD","TAG(43:6)_TAGODD","TACG_sat","TAGODD",1,0,"H80 C46 O6 N1",43,6,742.5955,"-3.37 ppm",359.5
"TAG(43:5)_TAGODD","TAG(43:5)_TAGODD","TACG_sat","TAGODD",1,0,"H82 C46 O6 N1",43,5,744.6143,"0.89 ppm",359.5
"TAG(43:4)_TAGODD","TAG(43:4)_TAGODD","TACG_sat","TAGODD",1,0,"H84 C46 O6 N1",43,4,746.6279,"-1.91 ppm",359.5
"TAG(43:3)_TAGODD","TAG(43:3)_TAGODD","TACG_sat","TAGODD",1,0,"H86 C46 O6 N1",43,3,748.6449,"-0.07 ppm",359.5
"TAG(43:2)_TAGODD","TAG(43:2)_TAGODD","TACG_sat","TAGODD",1,0,"H88 C46 O6 N1",43,2,750.6604,"-0.25 ppm",359.5
"TAG(43:1)_TAGODD","TAG(43:1)_TAGODD","TACG_sat","TAGODD",1,0,"H90 C46 O6 N1",43,1,752.6764,"0.17 ppm",359.5
"TAG(43:0)_TAGODD","TAG(43:0)_TAGODD","TACG_unsat","TAGODD",1,0,"H92 C46 O6 N1",43,0,754.6919,"-0.00 ppm",359.5
"TAG(45:8)_TAGODD","TAG(45:8)_TAGODD","TACG_sat","TAGODD",1,0,"H80 C48 O6 N1",45,8,766.5992,"1.53 ppm",359.5
"TAG(45:7)_TAGODD","TAG(45:7)_TAGODD","TACG_sat","TAGODD",1,0,"H82 C48 O6 N1",45,7,768.6108,"-3.74 ppm",359.5
"TAG(45:6)_TAGODD","TAG(45:6)_TAGODD","TACG_sat","TAGODD",1,0,"H84 C48 O6 N1",45,6,770.6261,"-4.22 ppm",359.5
"TAG(45:5)_TAGODD","TAG(45:5)_TAGODD","TACG_sat","TAGODD",1,0,"H86 C48 O6 N1",45,5,772.6444,"-0.75 ppm",359.5
"TAG(45:4)_TAGODD","TAG(45:4)_TAGODD","TACG_sat","TAGODD",1,0,"H88 C48 O6 N1",45,4,774.6594,"-1.56 ppm",359.5
"TAG(45:3)_TAGODD","TAG(45:3)_TAGODD","TACG_sat","TAGODD",1,0,"H90 C48 O6 N1",45,3,776.674,"-2.98 ppm",359.5
"TAG(45:2)_TAGODD","TAG(45:2)_TAGODD","TACG_sat","TAGODD",1,0,"H92 C48 O6 N1",45,2,778.6906,"-1.67 ppm",359.5
"TAG(45:1)_TAGODD","TAG(45:1)_TAGODD","TACG_sat","TAGODD",1,0,"H94 C48 O6 N1",45,1,780.7076,"0.02 ppm",359.5
"TAG(45:0)_TAGODD","TAG(45:0)_TAGODD","TACG_unsat","TAGODD",1,0,"H96 C48 O6 N1",45,0,782.7209,"-2.98 ppm",359.5
"TAG(47:9)_TAGODD","TAG(47:9)_TAGODD","TACG_sat","TAGODD",1,0,"H82 C50 O6 N1",47,9,792.6106,"-3.92 ppm",359.5
"TAG(47:8)_TAGODD","TAG(47:8)_TAGODD","TACG_sat","TAGODD",1,0,"H84 C50 O6 N1",47,8,794.6254,"-4.93 ppm",359.5
"TAG(47:7)_TAGODD","TAG(47:7)_TAGODD","TACG_sat","TAGODD",1,0,"H86 C50 O6 N1",47,7,796.6476,"3.35 ppm",359.5
"TAG(47:6)_TAGODD","TAG(47:6)_TAGODD","TACG_sat","TAGODD",1,0,"H88 C50 O6 N1",47,6,798.663,"3.02 ppm",359.5
"TAG(47:5)_TAGODD","TAG(47:5)_TAGODD","TACG_sat","TAGODD",1,0,"H90 C50 O6 N1",47,5,800.6731,"-3.94 ppm",359.5
"TAG(47:4)_TAGODD","TAG(47:4)_TAGODD","TACG_sat","TAGODD",1,0,"H92 C50 O6 N1",47,4,802.6886,"-4.18 ppm",359.5
"TAG(47:3)_TAGODD","TAG(47:3)_TAGODD","TACG_sat","TAGODD",1,0,"H94 C50 O6 N1",47,3,804.7079,"0.39 ppm",359.5
"TAG(47:2)_TAGODD","TAG(47:2)_TAGODD","TACG_sat","TAGODD",1,0,"H96 C50 O6 N1",47,2,806.7236,"0.52 ppm",359.5
"TAG(49:10)_TAGODD","TAG(49:10)_TAGODD","TACG_sat","TAGODD",1,0,"H84 C52 O6 N1",49,10,818.6287,"-0.72 ppm",359.5
"TAG(49:9)_TAGODD","TAG(49:9)_TAGODD","TACG_sat","TAGODD",1,0,"H86 C52 O6 N1",49,9,820.6443,"-0.87 ppm",359.5
"TAG(49:8)_TAGODD","TAG(49:8)_TAGODD","TACG_sat","TAGODD",1,0,"H88 C52 O6 N1",49,8,822.659,"-1.99 ppm",359.5
"TAG(49:7)_TAGODD","TAG(49:7)_TAGODD","TACG_sat","TAGODD",1,0,"H90 C52 O6 N1",49,7,824.679,"3.31 ppm",359.5
"TAG(49:4)_TAGODD","TAG(49:4)_TAGODD","TACG_sat","TAGODD",1,0,"H96 C52 O6 N1",49,4,830.7211,"-2.59 ppm",359.5
"TAG(49:3)_TAGODD","TAG(49:3)_TAGODD","TACG_sat","TAGODD",1,0,"H98 C52 O6 N1",49,3,832.7389,"0.01 ppm",359.5
"TAG(49:2)_TAGODD","TAG(49:2)_TAGODD","TACG_sat","TAGODD",1,0,"H100 C52 O6 N1",49,2,834.7544,"-0.11 ppm",359.5
"TAG(49:1)_TAGODD","TAG(49:1)_TAGODD","TACG_sat","TAGODD",1,0,"H102 C52 O6 N1",49,1,836.7703,"0.20 ppm",359.5
"TAG(49:0)_TAGODD","TAG(49:0)_TAGODD","TACG_unsat","TAGODD",1,0,"H104 C52 O6 N1",49,0,838.7865,"0.76 ppm",359.5
"TAG(51:10)_TAGODD","TAG(51:10)_TAGODD","TACG_sat","TAGODD",1,0,"H88 C54 O6 N1",51,10,846.6608,"0.21 ppm",359.5
"TAG(51:9)_TAGODD","TAG(51:9)_TAGODD","TACG_sat","TAGODD",1,0,"H90 C54 O6 N1",51,9,848.6757,"-0.72 ppm",359.5
"TAG(51:5)_TAGODD","TAG(51:5)_TAGODD","TACG_sat","TAGODD",1,0,"H98 C54 O6 N1",51,5,856.7346,"-4.95 ppm",359.5
"TAG(51:4)_TAGODD","TAG(51:4)_TAGODD","TACG_sat","TAGODD",1,0,"H100 C54 O6 N1",51,4,858.7537,"-1.00 ppm",359.5
"TAG(51:3)_TAGODD","TAG(51:3)_TAGODD","TACG_sat","TAGODD",1,0,"H102 C54 O6 N1",51,3,860.7701,"-0.09 ppm",359.5
"TAG(51:2)_TAGODD","TAG(51:2)_TAGODD","TACG_sat","TAGODD",1,0,"H104 C54 O6 N1",51,2,862.786,"0.23 ppm",359.5
"TAG(51:1)_TAGODD","TAG(51:1)_TAGODD","TACG_sat","TAGODD",1,0,"H106 C54 O6 N1",51,1,864.802,"0.58 ppm",359.5
"TAG(51:0)_TAGODD","TAG(51:0)_TAGODD","TACG_unsat","TAGODD",1,0,"H108 C54 O6 N1",51,0,866.8188,"1.91 ppm",359.5
"TAG(53:7)_TAGODD","TAG(53:7)_TAGODD","TACG_sat","TAGODD",1,0,"H98 C56 O6 N1",53,7,880.7424,"4.02 ppm",359.5
"TAG(53:6)_TAGODD","TAG(53:6)_TAGODD","TACG_sat","TAGODD",1,0,"H100 C56 O6 N1",53,6,882.7581,"4.05 ppm",359.5
"TAG(53:4)_TAGODD","TAG(53:4)_TAGODD","TACG_sat","TAGODD",1,0,"H104 C56 O6 N1",53,4,886.7832,"-2.90 ppm",359.5
"TAG(53:3)_TAGODD","TAG(53:3)_TAGODD","TACG_sat","TAGODD",1,0,"H106 C56 O6 N1",53,3,888.799,"-2.74 ppm",359.5
"TAG(53:2)_TAGODD","TAG(53:2)_TAGODD","TACG_sat","TAGODD",1,0,"H108 C56 O6 N1",53,2,890.8146,"-2.78 ppm",359.5
"TAG(53:1)_TAGODD","TAG(53:1)_TAGODD","TACG_sat","TAGODD",1,0,"H110 C56 O6 N1",53,1,892.8313,"-1.64 ppm",359.5
"TAG(53:0)_TAGODD","TAG(53:0)_TAGODD","TACG_unsat","TAGODD",1,0,"H112 C56 O6 N1",53,0,894.847,"-1.55 ppm",359.5
"TAG(55:10)_TAGODD","TAG(55:10)_TAGODD","TACG_sat","TAGODD",1,0,"H96 C58 O6 N1",55,10,902.7208,"-2.65 ppm",359.5
"TAG(55:7)_TAGODD","TAG(55:7)_TAGODD","TACG_sat","TAGODD",1,0,"H102 C58 O6 N1",55,7,908.7711,"1.05 ppm",359.5
"TAG(55:6)_TAGODD","TAG(55:6)_TAGODD","TACG_sat","TAGODD",1,0,"H104 C58 O6 N1",55,6,910.7831,"-2.98 ppm",359.5
"TAG(55:5)_TAGODD","TAG(55:5)_TAGODD","TACG_sat","TAGODD",1,0,"H106 C58 O6 N1",55,5,912.8023,"0.87 ppm",359.5
"TAG(55:4)_TAGODD","TAG(55:4)_TAGODD","TACG_sat","TAGODD",1,0,"H108 C58 O6 N1",55,4,914.8179,"0.83 ppm",359.5
"TAG(55:3)_TAGODD","TAG(55:3)_TAGODD","TACG_sat","TAGODD",1,0,"H110 C58 O6 N1",55,3,916.8328,"0.04 ppm",359.5
"TAG(55:2)_TAGODD","TAG(55:2)_TAGODD","TACG_sat","TAGODD",1,0,"H112 C58 O6 N1",55,2,918.8488,"0.41 ppm",359.5
"TAG(55:1)_TAGODD","TAG(55:1)_TAGODD","TACG_sat","TAGODD",1,0,"H114 C58 O6 N1",55,1,920.865,"1.06 ppm",359.5
"TAG(55:0)_TAGODD","TAG(55:0)_TAGODD","TACG_unsat","TAGODD",1,0,"H116 C58 O6 N1",55,0,922.8788,"-0.96 ppm",359.5
"TAG(57:8)_TAGODD","TAG(57:8)_TAGODD","TACG_sat","TAGODD",1,0,"H104 C60 O6 N1",57,8,934.7854,"-0.48 ppm",359.5
"TAG(57:7)_TAGODD","TAG(57:7)_TAGODD","TACG_sat","TAGODD",1,0,"H106 C60 O6 N1",57,7,936.8034,"2.08 ppm",359.5
"TAG(57:6)_TAGODD","TAG(57:6)_TAGODD","TACG_sat","TAGODD",1,0,"H108 C60 O6 N1",57,6,938.8177,"0.60 ppm",359.5
"TAG(57:5)_TAGODD","TAG(57:5)_TAGODD","TACG_sat","TAGODD",1,0,"H110 C60 O6 N1",57,5,940.8331,"0.33 ppm",359.5
"TAG(57:4)_TAGODD","TAG(57:4)_TAGODD","TACG_sat","TAGODD",1,0,"H112 C60 O6 N1",57,4,942.8488,"0.39 ppm",359.5
"TAG(57:3)_TAGODD","TAG(57:3)_TAGODD","TACG_sat","TAGODD",1,0,"H114 C60 O6 N1",57,3,944.8646,"0.61 ppm",359.5
"TAG(57:2)_TAGODD","TAG(57:2)_TAGODD","TACG_sat","TAGODD",1,0,"H116 C60 O6 N1",57,2,946.8799,"0.24 ppm",359.5
"TAG(57:1)_TAGODD","TAG(57:1)_TAGODD","TACG_sat","TAGODD",1,0,"H118 C60 O6 N1",57,1,948.8951,"-0.27 ppm",359.5
"TAG(57:0)_TAGODD","TAG(57:0)_TAGODD","TACG_unsat","TAGODD",1,0,"H120 C60 O6 N1",57,0,950.9118,"0.86 ppm",359.5
"TAG(59:10)_TAGODD","TAG(59:10)_TAGODD","TACG_sat","TAGODD",1,0,"H104 C62 O6 N1",59,10,958.7833,"-2.62 ppm",359.5
"TAG(59:9)_TAGODD","TAG(59:9)_TAGODD","TACG_sat","TAGODD",1,0,"H106 C62 O6 N1",59,9,960.8011,"-0.36 ppm",359.5
"TAG(59:8)_TAGODD","TAG(59:8)_TAGODD","TACG_sat","TAGODD",1,0,"H108 C62 O6 N1",59,8,962.8183,"1.19 ppm",359.5
"TAG(59:7)_TAGODD","TAG(59:7)_TAGODD","TACG_sat","TAGODD",1,0,"H110 C62 O6 N1",59,7,964.8344,"1.67 ppm",359.5
"TAG(59:6)_TAGODD","TAG(59:6)_TAGODD","TACG_sat","TAGODD",1,0,"H112 C62 O6 N1",59,6,966.8493,"0.88 ppm",359.5
"TAG(59:5)_TAGODD","TAG(59:5)_TAGODD","TACG_sat","TAGODD",1,0,"H114 C62 O6 N1",59,5,968.8647,"0.71 ppm",359.5
"TAG(59:4)_TAGODD","TAG(59:4)_TAGODD","TACG_sat","TAGODD",1,0,"H116 C62 O6 N1",59,4,970.8802,"0.48 ppm",359.5
"TAG(59:3)_TAGODD","TAG(59:3)_TAGODD","TACG_sat","TAGODD",1,0,"H118 C62 O6 N1",59,3,972.8954,"0.00 ppm",359.5
"TAG(59:2)_TAGODD","TAG(59:2)_TAGODD","TACG_sat","TAGODD",1,0,"H120 C62 O6 N1",59,2,974.9108,"-0.24 ppm",359.5
"TAG(59:1)_TAGODD","TAG(59:1)_TAGODD","TACG_sat","TAGODD",1,0,"H122 C62 O6 N1",59,1,976.9273,"0.64 ppm",359.5
"TAG(59:0)_TAGODD","TAG(59:0)_TAGODD","TACG_unsat","TAGODD",1,0,"H124 C62 O6 N1",59,0,978.9428,"0.52 ppm",359.5
"TAG(61:10)_TAGODD","TAG(61:10)_TAGODD","TACG_sat","TAGODD",1,0,"H108 C64 O6 N1",61,10,986.8151,"-2.08 ppm",359.5
"TAG(61:9)_TAGODD","TAG(61:9)_TAGODD","TACG_sat","TAGODD",1,0,"H110 C64 O6 N1",61,9,988.8364,"3.71 ppm",359.5
"TAG(61:8)_TAGODD","TAG(61:8)_TAGODD","TACG_sat","TAGODD",1,0,"H112 C64 O6 N1",61,8,990.8521,"3.70 ppm",359.5
"TAG(61:7)_TAGODD","TAG(61:7)_TAGODD","TACG_sat","TAGODD",1,0,"H114 C64 O6 N1",61,7,992.8677,"3.71 ppm",359.5
"TAG(61:6)_TAGODD","TAG(61:6)_TAGODD","TACG_sat","TAGODD",1,0,"H116 C64 O6 N1",61,6,994.8804,"0.69 ppm",359.5
"TAG(61:5)_TAGODD","TAG(61:5)_TAGODD","TACG_sat","TAGODD",1,0,"H118 C64 O6 N1",61,5,996.8947,"-0.66 ppm",359.5
"TAG(61:4)_TAGODD","TAG(61:4)_TAGODD","TACG_sat","TAGODD",1,0,"H120 C64 O6 N1",61,4,998.9112,"0.19 ppm",359.5
